theta,norm_exact_reg,M=2,M=4,M=6,M=8,M=10,M=12,M=14,M=16,M=18,M=20,M=22,M=24,M=26,M=28,M=30,M=32,M=34,M=36,M=38,M=40,M=42,M=44,M=46,M=48,M=50,K_reached
0.05,0.2054209743927153,2.807655828289488e-5,0.13053854450186875,0.17864524797746842,0.1919975451530014,0.19501589852629955,0.19784425375464074,0.2006219582313043,0.20322991984195296,0.20554636352822808,0.2075540239442768,0.2093013402855176,0.21083917387020887,0.2121965881426845,0.2133882618907556,0.21442813860604257,0.21533406982667452,0.21612458868130568,0.21681525109440858,0.21741808382049452,0.21794290688710893,0.21839834648126355,0.21879195794621137,0.21913016619567316,0.21941858712236162,0.21966256915307933,50.0
0.09152542372881356,0.3490411826437198,0.000306223548356442,0.17038183417080138,0.25359077776036826,0.2912458868148049,0.308699386741767,0.3206386824889971,0.3206386824889971,0.3206386824889971,0.3206386824889971,0.3206386824889971,0.3206386824889971,0.3206386824889971,0.3206386824889971,0.3206386824889971,0.3206386824889971,0.3206386824889971,0.3206386824889971,0.3206386824889971,0.3206386824889971,0.3206386824889971,0.3206386824889971,0.3206386824889971,0.3206386824889971,0.3206386824889971,0.3206386824889971,11.0
0.13305084745762713,0.4232027458220507,0.0013065469803278083,0.18526690411241623,0.2797182348736823,0.3267135521600486,0.3505833735637535,0.3679117082189035,0.3800095182754293,0.3896551111301089,0.39756289698455444,0.4035205783597342,0.40775252894941616,0.41114512103710577,0.4140572082549238,0.41651480674405017,0.4184533439812562,0.4200841287646832,0.42156616519518236,0.4228636436427436,0.42392657540056233,0.4248381612056665,0.42566590461400566,0.42639733007721076,0.4270111627090044,0.42755241625766505,0.4280337158960066,50.0
0.17457627118644067,0.46379839198106426,0.0036405853671290754,0.19536288146442848,0.2935244150102112,0.34483701612334877,0.37168264153253117,0.392696013157755,0.4076941153464494,0.420278981651208,0.43026127732212793,0.4373635600538145,0.44305807048112744,0.4477577975603597,0.45091565885968876,0.45330452488621653,0.45533404939400957,0.45681370009021954,0.4580148069337115,0.45901006549630197,0.4597969239681745,0.4604635467743796,0.4610450431141442,0.46149916753014764,0.4618506595705176,0.4621739562731234,0.4624451882158138,50.0
0.21610169491525424,0.4865200714718715,0.007912609854743928,0.20463600892503472,0.30341940804353085,0.3570082181023562,0.38539306657384526,0.40828559422422217,0.4256655841288652,0.44019709271892876,0.45049999997342405,0.45843173364408324,0.4648320967817252,0.4689741535535996,0.4723715419671485,0.47497858524051706,0.4769480310174256,0.478626619244695,0.47992383232937513,0.48105620931772575,0.48197847807929617,0.48267008519066595,0.4833074184192962,0.483834448276406,0.48425947824437793,0.4846257993668156,0.48495069890204945,50.0
0.2576271186440678,0.4987625750543446,0.01457938114128692,0.21405186505694992,0.3117510368646509,0.3663019558787642,0.3960423424899034,0.41937570651913136,0.4387754397839304,0.45334529871550505,0.4637164980413583,0.47205573584600197,0.47728310947136726,0.4816100188860534,0.4846595400217889,0.487200857967503,0.48914432558793286,0.49080326936059604,0.4921309479620527,0.49317365700776966,0.4941194563079215,0.49486440967844497,0.49549903451936894,0.4960545910183434,0.496493629617369,0.4968844601601839,0.4972072800211525,50.0
0.29915254237288136,0.5043278287205148,0.023848247697797434,0.22374384385323456,0.31918067827191693,0.37343871086079433,0.4048180229284551,0.4280893513866835,0.44822403640009173,0.46170457395817216,0.47234359079848387,0.47896235028895284,0.48421813534150626,0.4878525662295525,0.49087406647293375,0.4931647643655981,0.49514032713424333,0.4965967660952234,0.4979253881831126,0.4989622358404733,0.49985110120590126,0.5006091790573419,0.5012202809454716,0.5017658453904481,0.5021799330953,0.5025277150784291,0.5028022091959842,50.0
0.34067796610169493,0.5053347323975966,0.03563186136661164,0.23353960479827762,0.3258117515845783,0.3786073334758641,0.4113093895254491,0.43539714152731473,0.4539825866639082,0.46706823142909154,0.47585765287795473,0.48209588505785633,0.4864576868368418,0.4899789707770876,0.49268697413855145,0.4948739179513085,0.4966337400389284,0.49809701798876366,0.49930041438888145,0.500334983608014,0.5011570510842697,0.5018881719977234,0.5024462336060947,0.5029033118013556,0.5032860822599023,0.503596385020017,0.5038806372521301,50.0
0.3822033898305085,0.5030549955397049,0.04956147303642279,0.24314287683882846,0.33155766632601996,0.3820390846144841,0.4150850056414669,0.44028828090730615,0.4567586459369988,0.4688194135776627,0.4761313336163726,0.4815656742728861,0.4856806692065407,0.4888101205900833,0.4912815772105952,0.49334323652437023,0.49497309880602397,0.496355971577939,0.4974785341221209,0.4984546998219763,0.49920796726248684,0.4998282697783867,0.5003375672787989,0.5007522080629686,0.5011354182753933,0.5014608498883736,0.5017446288392536,50.0
0.423728813559322,0.49830491537143595,0.06504705956570278,0.2522191249886153,0.336275053429968,0.3840146089168264,0.4166274170162746,0.4414917313781564,0.4570982143445233,0.46679723500154874,0.4737751433522624,0.47855142118710686,0.4821594304327599,0.4850790740405989,0.4874318918202852,0.48928871476688335,0.4908580258217268,0.49209895343631177,0.4931881092867961,0.49403142507889797,0.49469755804896715,0.4952736392796726,0.4957681305042549,0.4961950131304599,0.49657348981343685,0.4968589369261509,0.49709111961050545,50.0
0.4652542372881356,0.49164077574457304,0.08136472278147595,0.2604437639039641,0.3398133905682811,0.38474585414066803,0.41658481228901284,0.4397709818669825,0.4544161322943857,0.46286847098682127,0.4688190194242436,0.47323811511033753,0.4767476082805501,0.47938795850304305,0.4815341830989632,0.48331115734678287,0.48471098632198356,0.4859206783281852,0.48687073626752664,0.48762819883411485,0.4882599863732458,0.4888345357772652,0.48932997428738023,0.4897296009193123,0.4900418153257534,0.4902941090041464,0.4905109895099576,50.0
0.5067796610169492,0.4834618939234651,0.09775053481622716,0.26752926992219594,0.3420386270215383,0.38433768370479354,0.4152588098149512,0.43619789144681204,0.4490411550045493,0.45706662277581644,0.4623965347407632,0.4664400249647824,0.4695043677804633,0.472065022592669,0.47408657090399664,0.4756897444791141,0.47705394187184624,0.47812259129420137,0.47898206440707985,0.4796977938182229,0.4803432669857203,0.48090598472469853,0.48133951484394183,0.4816841218304689,0.4819743269543296,0.4822252349102286,0.482436927224249,50.0
0.5483050847457627,0.47406793952528303,0.11348380972233003,0.2732384371766062,0.3428513357022073,0.3828030366903021,0.4126313173563787,0.43130407481737826,0.44215997236714133,0.4494457722115661,0.45441974292726434,0.45824699612585756,0.4611865811134224,0.4634833963381235,0.46534272627965134,0.46686429060984175,0.4680694881631561,0.4690370972960358,0.4698587270058429,0.47058918807697014,0.47122105608842824,0.47170778660715595,0.47209160909437353,0.47241457363751677,0.47270431217542624,0.47294375850256526,0.4731300661881329,50.0
0.5898305084745763,0.46369255746957916,0.12794920304493987,0.27739024958908726,0.34220120523630504,0.38009327362974776,0.4084784476276882,0.4250829499537459,0.43446634769847464,0.440773036672352,0.4453815815476006,0.44886407706449766,0.4516469649189464,0.45382480471354714,0.4555174584092303,0.456914883406934,0.4580270056914848,0.4589799760424664,0.4598034561800916,0.4605081310258542,0.4610630340246193,0.46149565232628537,0.46185647826368825,0.4621808300151709,0.462451577392464,0.4626601086029394,0.4628343248420561,50.0
0.6313559322033898,0.45252395606908397,0.14067372118695198,0.2798651096893947,0.3400951547045251,0.3761623203326435,0.4026523346466081,0.4172705815347068,0.4258380700989689,0.43139716676276957,0.43562768829990245,0.4388179185466788,0.44131569815636346,0.44328305881686664,0.44488983438785773,0.44616671559350735,0.4472428244862266,0.4481533018233303,0.44893383593301806,0.4495782354880115,0.45007254462887786,0.4504808769010018,0.45084302156115796,0.4511473906094726,0.4513821715499209,0.451575041102964,0.45173780779637174,50.0
0.6728813559322034,0.44071776790182043,0.15134005777003337,0.2806142593671056,0.3366002460424862,0.3710525466399047,0.39537129721402536,0.4081393804089687,0.41593592526984063,0.4210765270528248,0.42497203829736385,0.42796143926832536,0.43027046526073515,0.43206211763209385,0.4335350427683193,0.43473191868224004,0.43576015577524474,0.4366489432253936,0.43740340794615157,0.43797727426416816,0.4384424972607587,0.4388439964096134,0.43918546163110295,0.4394500013909535,0.43966593077150257,0.43984694878988373,0.43999156757442,50.0
0.714406779661017,0.42840516406148155,0.1597809810778288,0.27967251839888085,0.33184302598828536,0.3649123680576972,0.3870368351987549,0.39829604154070497,0.40529789165800606,0.4101223527446162,0.4137145756522295,0.4164759353834881,0.41860006460962046,0.42028520266784153,0.42164806376848585,0.42281332765431234,0.42380767936776975,0.4246512893377605,0.4253259825853238,0.42585554410638005,0.42629685465881495,0.4266807930035626,0.4269864082613512,0.4272317234504816,0.42743341078342734,0.4275941574814714,0.42773109107134394,50.0
0.7559322033898305,0.41569815530582344,0.16596083163522252,0.2771655312700643,0.32599856853287634,0.35790543324018187,0.37788634118991604,0.3879758880476339,0.394206334062845,0.39869780814550765,0.4019927723265297,0.4045135465318387,0.40644863938701586,0.40802693716513794,0.4093209747503834,0.41044154103671515,0.4113972536590691,0.4122016715312534,0.41281184008810345,0.41331051409729835,0.41374491030502875,0.4141034197726789,0.41438121743780953,0.4146071948355327,0.4147886220442793,0.41494301448517146,0.41506582654047297,50.0
0.7974576271186441,0.40269343974853505,0.16995003142675938,0.27329912480125285,0.31926074570298857,0.3501146058093194,0.36798554207595835,0.3771061848489712,0.3826929733314949,0.3868334351235855,0.38987133597704243,0.3921957246840296,0.3939849157700316,0.39546285181292645,0.39671073080338676,0.3977811935126221,0.3986859321986169,0.39941833025566076,0.3999969059059922,0.40048065339186634,0.40089072928447456,0.40120781057020805,0.4014645382921575,0.40167052256283414,0.40184271983561337,0.4019827134455179,0.40209926859968137,50.0
0.8389830508474576,0.3894754579253665,0.17189746245356452,0.2683260154863522,0.3118040422490879,0.34154656684094686,0.35740372966331707,0.365644446842688,0.37077413720204283,0.3746185190599212,0.377434536965586,0.379568511741554,0.3812282353797038,0.38261676630726926,0.3838246028203459,0.38485835009922553,0.38572106022026964,0.3863895106483063,0.38693827137744485,0.38740697368328514,0.3877867839398496,0.38808252808129223,0.38831795685243603,0.38851112735696003,0.3886740151972959,0.38880601036882523,0.38891507723889507,50.0
0.8805084745762712,0.37611955877478687,0.17200417852385574,0.2625005297490749,0.30376189270034254,0.3322252035029147,0.34633172139243323,0.353842246001719,0.35865283727127645,0.36219369833150356,0.36477367941313377,0.3667362149491413,0.36831841190402126,0.36965131066209445,0.37080646665640604,0.37177785640587696,0.37258540857801153,0.3732193251739769,0.37374705849212836,0.3741864471889627,0.3745305568157749,0.3748051374014966,0.3750270153957556,0.3752133091439833,0.3753644448726019,0.3754860273589733,0.3755904225916307,50.0
0.9220338983050848,0.36269218004734943,0.1705005476998887,0.2560408532979541,0.2952315746407992,0.32227635796184706,0.3350124565638007,0.3419157550053276,0.3464066993202393,0.34961406660353006,0.3519920246307104,0.35381766610234955,0.35531537169236765,0.356575990719313,0.3576805776280329,0.35860055739659485,0.3593439343484782,0.35994627715360067,0.3604540999987566,0.3608695875284945,0.3611907526364341,0.36144648427400694,0.3616584441539917,0.36183729957844935,0.36197702688006417,0.3620938232385889,0.36218994450127157,50.0
0.9635593220338983,0.3492550594756808,0.16762779313357884,0.24911193985267402,0.28629311329266144,0.3119142627873843,0.3235943632066299,0.3298988275305231,0.3340213244007154,0.33694979905117584,0.3391612457148657,0.34083390049988455,0.342236969227918,0.3434587458090673,0.34451791675433835,0.3453783970393745,0.34607433014995503,0.3466629580733306,0.3471429645439073,0.34752885413742596,0.3478324540867082,0.34807744021428244,0.34828091526163335,0.34844523796145976,0.3485769416246975,0.34868474352015083,0.3487770644762706,50.0
1.005084745762712,0.33586439879759805,0.1636240827402573,0.24182834821749347,0.2770256658302754,0.30134944422363125,0.31211778775071874,0.3177987844340655,0.32156561992239513,0.3242755163956048,0.32630139129397273,0.32784347865161056,0.32920584287112803,0.3303837397079097,0.3313670558464741,0.33218916696194084,0.33285358223210215,0.33340506060772007,0.3338593867448362,0.33422534183750185,0.3345111716950428,0.3347451944035343,0.3349430104951503,0.3350953406047293,0.3352194361270214,0.33532210880417423,0.33540900498654835,50.0
1.0466101694915255,0.32256290752388683,0.15871480229383295,0.23426765437792094,0.26751395881399376,0.29071719606281987,0.3005825298106915,0.30565831187220827,0.30914233321885715,0.31162887234192194,0.3134668954323735,0.31494595838189193,0.3162573374656564,0.3173625522695515,0.3182971276864765,0.3190687642797029,0.31968773457195815,0.3202211351606441,0.32065994024167205,0.3209995807417647,0.3212781514088936,0.32150764858434916,0.3216886705659105,0.3218320287091837,0.3219485610934298,0.32204714050655003,0.3221296763141478,50.0
1.088135593220339,0.30939003569410733,0.15310637699935564,0.22648523472664125,0.25784587419531224,0.2800736800846561,0.28899725388622227,0.29355596820360014,0.2968109092791421,0.29904788818354333,0.300746618314292,0.3021777930655473,0.30340185126821356,0.3044596408562286,0.30533975199419,0.3060435229956766,0.3066487903244747,0.3071615908344203,0.3075741824507209,0.3079064093217103,0.30817262507272053,0.3083865496777725,0.3085582425148554,0.30869370535906865,0.3088042270210246,0.3089009206331705,0.3089787694945682,50.0
1.1296610169491526,0.2963860682219845,0.14698291481576337,0.21852557817282162,0.2481058600783934,0.2694311452322386,0.2774052395532649,0.28157955959035147,0.2845930192354509,0.28659110120704034,0.28819455881654343,0.2895468584106311,0.29070068914264313,0.29171937739151776,0.2925234026884219,0.2931971128435207,0.2937794936457313,0.294256496095982,0.2946584944036085,0.2949726383309444,0.2952274264131585,0.29543388371913126,0.29559287051144834,0.29572223145491594,0.2958306428309134,0.29592129591569616,0.2959948465778085,50.0
1.1711864406779662,0.28359097199051636,0.1405049667406461,0.2104291562958304,0.23836864080858794,0.2587938684638042,0.26588509655445247,0.26977888767565,0.27250806357664326,0.2743188928983252,0.27582741310277165,0.27708670962834586,0.27820642128804923,0.2791562692637457,0.2799122932909427,0.2805588350817079,0.2810964733923245,0.2815612285060071,0.2819414415025283,0.2822424337197927,0.28249240823278393,0.2826826735234836,0.28283449767285607,0.28295844576856183,0.2830632228476901,0.2831485872820482,0.2832188840508448,50.0
1.2127118644067796,0.27103386036023863,0.13380978374705177,0.20223575396413906,0.22869569844221915,0.2481788063496409,0.2545212780484364,0.2581623211033924,0.260594487641787,0.26226778897471165,0.26365996642321254,0.2648525851764372,0.265932086901066,0.26681546271502415,0.2675420936496127,0.26813480313764576,0.2686527109682872,0.2690976524226141,0.26945888005177676,0.26975494609231576,0.26998451908411353,0.27016671218779975,0.27031223972009216,0.2704314076633265,0.2705334989086728,0.27061310230174157,0.2706805655927702,50.0
1.2542372881355932,0.2587349461836118,0.12701256060951413,0.19398554854244432,0.21913486151417744,0.23762061606448986,0.24337215417270333,0.24672899343293572,0.2489011300927523,0.2504506733602063,0.251721096959502,0.25287699149325216,0.2538923692880555,0.25473805128107785,0.2554106467452111,0.2559644387794468,0.2564680602126663,0.25688627798212255,0.2572392421646556,0.25751464044821554,0.2577338635981496,0.25790546346735677,0.2580461057583164,0.25816360325265314,0.25825951619384796,0.2583350885419831,0.25839832097861865,50.0
1.2957627118644068,0.24671110816337738,0.12020827015094103,0.1857189728829499,0.2097220480078675,0.22716624597597637,0.23246440166734988,0.2354911067308487,0.23746558942308382,0.23887403406885974,0.24004633734632258,0.2411639852887635,0.24212254513635842,0.24293083117044584,0.24353789839499895,0.24407721920191977,0.2445427064130265,0.2449529927543403,0.2452819280898187,0.2455453620679501,0.24575425194530076,0.24591765450488762,0.24605578208649484,0.2461673671384139,0.2462585268942117,0.24632917010346217,0.24639060724328485,50.0
1.3372881355932202,0.2349800312416988,0.11347379438144779,0.17747602816513516,0.20048391084465506,0.21686545305462623,0.22180636588343636,0.22447846299876814,0.2263060137459764,0.22755249308970976,0.22866171982019853,0.22971828880572276,0.23065031337009165,0.23139546195704414,0.23196539351570475,0.23247716967641657,0.23291133885211798,0.23330706035924165,0.23361022228492806,0.2338672054477298,0.23406099753309884,0.23422497378644744,0.23435479784021918,0.2344632377626579,0.2345478347726718,0.23461708017299276,0.23467551633708297,50.0
1.3788135593220339,0.2235593363327984,0.10687014563319565,0.16929542399872702,0.19144044211516997,0.20676253791524002,0.21140129513462974,0.21372980952801585,0.21543055085548454,0.21651275163084427,0.21757956454157348,0.2185608354931513,0.21948199240499144,0.22015171390769672,0.22070941141687006,0.2211737142161399,0.2215987811448603,0.22195757714084102,0.22225543138860215,0.22249391266481186,0.2226841585571725,0.22283908361390958,0.2229646393659921,0.22306721192291834,0.22314736851920275,0.2232141659014044,0.22326997111211205,50.0
1.4203389830508475,0.21246411416679992,0.1004446397055062,0.16121374287250886,0.18260705886971926,0.1968920183707484,0.20125394171698932,0.20327901088693387,0.20484790294979707,0.20578524554483002,0.2068068606645432,0.2077211783699537,0.208618831325041,0.20923007519095033,0.20976801908103726,0.21019341496360025,0.2106020834292204,0.210928424637508,0.21122133714223282,0.21144224182912472,0.2116315406512912,0.21177526687261425,0.21189966488744713,0.2119942501545015,0.21207287435649302,0.2121360572541367,0.21219044678870327,50.0
1.4618644067796611,0.2017038622024213,0.09423293537047205,0.1532647258903611,0.17399605855134886,0.18727827152876134,0.19137251006829714,0.1931471553594413,0.19457007396679343,0.1953930550742478,0.19635210053293,0.19722260790857213,0.19807039992105804,0.19865367166352937,0.1991493356721221,0.1995581964129694,0.19992518146196142,0.20024340129122997,0.20051236212058327,0.2007300569327086,0.20090703272728272,0.2010492091653997,0.201163155892423,0.2012551240802311,0.2013296931126965,0.20139214616749856,0.20144320078264177,50.0
1.5033898305084745,0.19129061122804966,0.08826089271367715,0.14547872358469197,0.16561753012210081,0.1779376204871405,0.18176837608182808,0.1833437134236719,0.18461051339921236,0.18534859347320995,0.18622621672622705,0.18707586947123056,0.18785431041269204,0.188431207848399,0.18887350368504544,0.18927331227124228,0.18959116871376225,0.18990893460259767,0.19014890831101827,0.19036914935861665,0.1905321128927015,0.19067226320583247,0.19077488731777906,0.1908643894081977,0.19093424475226958,0.19099569520166104,0.19104488134561412,50.0
1.5449152542372881,0.181235819110172,0.08254622942851762,0.13788232627280253,0.15747987316939463,0.16888112956879361,0.17245466762120104,0.1738716055662951,0.17498175579525763,0.17565669637814435,0.17644108886471976,0.17728234855650463,0.17798817929373867,0.17856260157826415,0.17895782457297185,0.1793375694157041,0.1796206437450033,0.17992307385382117,0.18014932028516115,0.18036185280465403,0.18052042107749983,0.1806483742116746,0.1807471408788672,0.1808286106995437,0.1808984000574505,0.1809563917600059,0.18100507080820086,50.0
1.5864406779661018,0.17154689809958443,0.07709997196788561,0.13049817035221506,0.1495900700932986,0.1601169329741893,0.1634442877980864,0.16473137533268487,0.16569381851709983,0.16631843028522203,0.16700788291869972,0.1678398241960263,0.16848346425370883,0.1690466408775206,0.16940947408341145,0.169754409521977,0.17001986538618313,0.17029048914916772,0.1705207540156646,0.1707136769388456,0.17087506334667035,0.17098609321847752,0.17108300505893903,0.17115655942595462,0.1712269850965674,0.17128180453235442,0.17132900611491483,50.0
1.6279661016949152,0.1622290578671017,0.0719277096656421,0.12334490466915325,0.14195382092650616,0.15165162854389097,0.15474801831364515,0.15592319049680534,0.1567533701163644,0.15733333559741597,0.15793535550931137,0.15874659439874628,0.1593450845830652,0.15988411581983453,0.16022925876026198,0.16053251370202634,0.16078770287962854,0.1610227657123886,0.1612601248076102,0.16143532943633418,0.16159676285876742,0.16169671360100096,0.16178718917997928,0.16185821059443858,0.16192460908501238,0.161979871721043,0.16202288760584407,50.0
1.6694915254237288,0.15327983237329787,0.06703066643644334,0.11643729286487285,0.1345756117668373,0.14349078483487104,0.14637330141360713,0.14744726803262836,0.14816356561929897,0.14870025651354093,0.14922821374237377,0.15000294476739523,0.15057317429859418,0.15107649855901978,0.1514140336030363,0.151678040382236,0.15192167591297637,0.1521284561912632,0.15236146428141184,0.152529901863456,0.1526815066115384,0.15277937520463097,0.15285938901408366,0.15293098413520761,0.15299017977250887,0.15304577160846636,0.15308486569422627,50.0
1.7110169491525424,0.14469566684980148,0.06240660789947398,0.10978642298063139,0.1274587568828743,0.13563886117889698,0.13832394601273726,0.13930357282337272,0.1399244147941646,0.14041738612218016,0.1408864276919385,0.14161049186256594,0.14216421844282354,0.14262413941503974,0.142957549611497,0.14319047255000156,0.14341858144395334,0.14360723598289404,0.1438213571793947,0.1439900447843924,0.1441250903703105,0.14422587930586236,0.14429632461502875,0.14436692184977842,0.1444203782723862,0.14447250649707355,0.14451100799843003,50.0
1.7525423728813558,0.13647306712815402,0.05805060284121797,0.10339999430770534,0.12060543374610856,0.12809888062265185,0.1306005664889176,0.13149136416080756,0.13203343068540827,0.13248206879091048,0.13290588374293907,0.1335703811801636,0.13411198189451218,0.13452584819200755,0.13485254713052297,0.1350640083244247,0.135273628463265,0.1354511158813149,0.13563884108048596,0.13580640219662335,0.13592692573921686,0.13602924972564243,0.13609548281816577,0.13616223927235024,0.13621317399485566,0.13625885061739518,0.13629810317153912,50.0
1.7940677966101695,0.12860729016938607,0.053955657628543936,0.09728265296678973,0.11401671831515556,0.12087211457422498,0.12320134796518384,0.1240088628658407,0.12448628210740184,0.12489068760165646,0.12527974661982844,0.12588152260431534,0.12640873986504297,0.12677877515269217,0.12709269091294723,0.12729069975956026,0.12748098294827453,0.12765079721430062,0.12781365280310736,0.12797346778827223,0.12808475814660655,0.12818402702164972,0.12825198020606496,0.12831307134757644,0.12836322577630976,0.12840225947973544,0.12844063213568124,50.0
1.835593220338983,0.12109340670956793,0.05011324106625104,0.0914363512059428,0.10769262240865425,0.11395791733527091,0.11612279226072333,0.116853104636412,0.11727729615334792,0.11763869749126478,0.11799977113376971,0.11853987794447568,0.11904647779735673,0.11937822049751544,0.11967314249066383,0.11986308038916592,0.12003544861487143,0.12019949244213023,0.1203431334775946,0.12048869190976369,0.12059421909261392,0.12068659145354718,0.12075875626544937,0.12081429698395309,0.12086362787479932,0.12089826735576871,0.12093363273348079,50.0
1.8771186440677967,0.11392604000964457,0.04651371564611639,0.08586071005095257,0.10163213346732183,0.10735374333125434,0.10936027611878785,0.11001994097215115,0.11039979978268592,0.11072069359158844,0.1110572301926918,0.11153894172174991,0.11201763748018634,0.11231781696639809,0.11259006275563567,0.11277519549035497,0.11293254462717409,0.11309135286849202,0.1132210302125554,0.11334943355487968,0.11345023310033263,0.11353416700234373,0.11360880171958973,0.11366130239765812,0.11370852500415757,0.11374167820204252,0.11377328104165185,50.0
1.9186440677966101,0.10709834744898446,0.04314668941080248,0.08055336994441013,0.09583325737487752,0.10105531393917343,0.10290839843815308,0.10350412390185458,0.10384635486037856,0.10413041577257655,0.10444343318023451,0.10487080330382584,0.10531525533065238,0.10559013999701922,0.1058396216744288,0.10602183986544357,0.10616709187215287,0.10631927302336519,0.10643856821105191,0.10655030408072401,0.10664570653023052,0.10672202138221527,0.10679562687077293,0.1068475687271585,0.10689139152094917,0.10692523303908011,0.10695346825772992,50.0
1.9601694915254237,0.10060266191946014,0.040001300916421796,0.07551031877362938,0.0902930658375321,0.09505687465469059,0.09676116146060615,0.09729942662782275,0.097608937209469,0.09786070317031083,0.0981499016619017,0.09852711258914354,0.09893270597379078,0.0991873667464058,0.0994169696082234,0.09959708961537171,0.09973233326680578,0.09987517249684252,0.09998605821623352,0.1000830014173994,0.10017229508402352,0.10024323211522879,0.10031271079039648,0.10036475471795638,0.1004050391471693,0.10043986119771921,0.10046580079903164,50.0
2.0016949152542374,0.09443077535214016,0.037066448118269826,0.0707261908335803,0.08500775027964752,0.08935148492080848,0.09091204428396372,0.09139877539178677,0.09167908454617212,0.09190348225811942,0.09216829116663632,0.092499580218274,0.09286342143975994,0.09310158019280197,0.09331554229075736,0.0934934378397897,0.09362009279427473,0.09375106519117195,0.09385419178749486,0.09393870574242795,0.09402209748634317,0.09408952397803917,0.09415319048856523,0.09420482675612615,0.09424218421162257,0.09427665545881654,0.09430180116329841,50.0
2.0432203389830508,0.08857386250866288,0.0343309704777216,0.06619453361676804,0.07997268399019344,0.08393129807433357,0.08535401788671812,0.08579438188026364,0.0860480181339696,0.08624984719527605,0.08649017371451323,0.08677997272830486,0.0871007349097867,0.08732471572108644,0.08752695516659827,0.08770191052480501,0.08782122984061408,0.08793906756584313,0.08803454274898376,0.08810921620687098,0.08818705920782657,0.08825156879636536,0.08830922681815938,0.08835930381257609,0.08839450045334805,0.08842730079925086,0.08845235722551524,50.0
2.0847457627118646,0.083022504666562,0.03178379221829428,0.061908041835770394,0.07518249341840419,0.07878780684300082,0.08007953792258805,0.08047786998061342,0.08070673364424717,0.08089022700691059,0.08110680822617201,0.08135980161231483,0.0816377359957552,0.08184839745825277,0.08204145919687138,0.08221267393244297,0.08232587036909338,0.08243076482668935,0.0825189464418611,0.08258605772053873,0.08265800244571841,0.08271931758988058,0.08277121504473663,0.08281848394393461,0.08285251358998977,0.08288303315422457,0.0829077842895845,50.0
2.126271186440678,0.07776698647160835,0.029414033451054564,0.0578587598331516,0.07063113834103762,0.07391204480696631,0.07508054075377532,0.07544039177311812,0.07564605609169804,0.07581459302231659,0.07600899538715997,0.07622999421960142,0.07646701557613227,0.07666383744352132,0.07684863994687162,0.0770155156295481,0.07712358054916289,0.07721690844243297,0.0772985211549467,0.077359707733827,0.07742503549219,0.07748241653979296,0.07752862103142748,0.07757256221719484,0.07760620386126876,0.07763447197442835,0.0776586813886789,50.0
2.1677966101694914,0.07279723143768072,0.027211094838570288,0.054038254637698305,0.0663119994314827,0.06929474427736906,0.07034845922319953,0.07067272950697308,0.07085666007824415,0.07101265618869834,0.07118705213163892,0.07138075052374385,0.07158033783953582,0.07176183078362655,0.07193798617588512,0.07210000724090913,0.07220366054199538,0.07228748520346079,0.07236328872705375,0.07241974200143685,0.07247811863704987,0.07253056566179623,0.07257135399119914,0.07261205138773465,0.07264541021786647,0.07267186741392163,0.07269517605266546,50.0
2.2093220338983053,0.0681028328594493,0.025164720561114413,0.050437762523854464,0.06221797081649236,0.06492645645311226,0.06587426622507644,0.06616538322846192,0.06632906665045864,0.06647402275542713,0.06663088599123831,0.06680162022796281,0.0669684046955354,0.06713280428064591,0.06729912858255006,0.06745554188107783,0.06755537363830179,0.06763186236467045,0.06770243305126543,0.06775518014785653,0.06780687394643307,0.0678536874467118,0.0678896975936793,0.06792708991514272,0.06795983315309033,0.06798469600963009,0.06800648906413347,50.0
2.2508474576271187,0.06367313881448586,0.023265043574566387,0.0470483121569541,0.05834155465889366,0.060797641709757905,0.06164854615636648,0.061908646221181786,0.06205363555885556,0.06218830042565014,0.06233012397439777,0.06248171307984307,0.06262086092935286,0.0627668620283213,0.06292180507987036,0.06307143073945418,0.0631679856983808,0.06323897716190424,0.0633047450885367,0.06335462453052498,0.06340033374726123,0.0634416254797569,0.06347351382606604,0.06350723406920467,0.06353879400822572,0.06356179567080171,0.06358177612795814,50.0
2.292372881355932,0.05949737056111255,0.021502616491255302,0.043860827377487296,0.054674954684957255,0.05689873775943025,0.05766158791516184,0.05789267150294201,0.05802057106971195,0.0581451633129201,0.05827425235561426,0.058409934854392546,0.05852654771180637,0.05865379927549793,0.05879575274006516,0.05893706226630044,0.05903072995838562,0.0590975972771941,0.05915897214229381,0.05920644021975272,0.059247143058167556,0.05928372647320971,0.0593120413594255,0.05934181023706242,0.05937126061081732,0.05939217274910628,0.059410534525027044,50.0
2.333898305084746,0.055564704028359405,0.01986843085799868,0.040866212488074365,0.05121016582299675,0.05322021224263624,0.05390348943953834,0.0541075323876717,0.05421995093533467,0.05433438962635721,0.05445273922938153,0.05457518286241679,0.05467387894044876,0.05478310042729308,0.0549106680257309,0.0550420444217374,0.055132844629511284,0.05519658833824769,0.0552540233499484,0.05529912119829844,0.05533592810814931,0.055368824721372,0.05539420045765208,0.055420073153134346,0.055446342463076156,0.055465273602546585,0.0554822508512571,50.0
2.3754237288135593,0.051864342760786664,0.018353927135942926,0.038055422629190795,0.04793905762458836,0.04975260477360415,0.050364263208469526,0.050543279183491975,0.05064177733778717,0.050745884329669186,0.05085512861958848,0.05096648183449671,0.05105119364536946,0.05114396500060522,0.0512562354365003,0.051376263365167436,0.05146370693380829,0.05152511186797281,0.05157906638037627,0.05162163048093336,0.05165552762687851,0.05168558299090082,0.05170882679177342,0.05173113205502431,0.051753645645811856,0.05177071139786052,0.05178630559439169,50.0
2.4169491525423727,0.0483855813824086,0.016950997291928303,0.035419521515616184,0.04485344977855256,0.04648656196653001,0.047033934006213446,0.047189993039548024,0.047276041452328214,0.04736969489478336,0.04747110682899949,0.0475730681067736,0.04764700529837661,0.04772539553223633,0.0478221585815281,0.04792984007751731,0.04801298378106624,0.048072708833295716,0.04812356170487167,0.04816348781930857,0.048195080229686924,0.04822284512166827,0.04824474952704633,0.04826400910875507,0.04828300192045724,0.04829810304634962,0.04831219457356785,50.0
2.4584745762711866,0.04511786118540708,0.015651981579864416,0.032949728489681286,0.04194517869188964,0.043412867716055514,0.043902623371235405,0.04403783709161183,0.044112791670923794,0.04419602464707605,0.044290547316349654,0.04438443819581197,0.04445014301980542,0.044516344137160796,0.04459816010070023,0.04469302238021358,0.04477070959028275,0.04482926653674533,0.04487726048493824,0.04491461408106959,0.04494404697795392,0.04496982382113416,0.04499091191066266,0.04500780948050744,0.045024008397231946,0.04503705185723091,0.04504955808721567,50.0
2.5,0.042050816103736274,0.014449660813270565,0.030637456550980966,0.03920615472121157,0.04052247005408697,0.04096061833762498,0.04107710448500434,0.041142197782215215,0.041215245950128335,0.041303541340416555,0.04139037613367618,0.04144981590587091,0.04150588101379336,0.04157397345974787,0.04165607925807124,0.041727257443335546,0.041784917289784985,0.04183017585462755,0.0418651209676091,0.04189220826995984,0.041916142935052435,0.041936554578521426,0.041951861096563355,0.04196600737943078,0.041977164328803496,0.04198804092119187,50.0
