k,j,d,eta,K_full,K_reached,M_conv,status,closure_gap_final,norm2_cmv
0.05,10.0,11,0.28559933214452665,121,6,6,converged,7.87633308146224e-5,0.7312296158862996
0.05,20.0,21,0.14959965017094254,441,8,8,converged,6.675720050434576e-6,2.8677407468326575
0.05,30.0,31,0.10134169850289655,961,8,8,converged,3.064857698098823e-5,6.365677664920364
0.05,40.0,41,0.07662421106316569,1681,8,8,converged,9.217579483525121e-5,11.222978135108622
0.05,50.0,51,0.06159985595274104,2601,9,9,converged,1.50352431736501e-5,17.43928430525691
0.05,70.0,71,0.04424778385337737,5041,9,9,converged,5.575281737044956e-5,33.94854731353401
0.05,90.0,91,0.03452299619329443,8281,10,10,converged,1.2264412308547843e-5,55.893158225330154
0.05,110.0,111,0.028302636518826967,12321,10,10,converged,2.6990770904890932e-5,83.273041625038
0.05,140.0,141,0.02228079896162974,19881,10,10,converged,6.987372490364965e-5,134.53394768102356
0.05,170.0,171,0.018371886863098204,29241,11,11,converged,5.143665548392719e-5,198.024121381177
0.05,200.0,201,0.015629814196964145,40401,11,11,converged,9.794211507031991e-5,273.7435483664173
0.1,10.0,11,0.28559933214452665,121,8,8,converged,1.0297309814653785e-5,0.7323828688737163
0.1,20.0,21,0.14959965017094254,441,9,9,converged,1.320442817491349e-5,2.8723054615679575
0.1,30.0,31,0.10134169850289655,961,9,9,converged,6.001433818780406e-5,6.375778151620422
0.1,40.0,41,0.07662421106316569,1681,10,10,converged,3.264029459857806e-5,11.240727635293068
0.1,50.0,51,0.06159985595274104,2601,10,10,converged,7.701933149072364e-5,17.466794225118903
0.1,70.0,71,0.04424778385337737,5041,11,11,converged,7.388341819527643e-5,34.00191059016782
0.1,90.0,91,0.03452299619329443,8281,12,12,converged,3.0871998776173893e-6,55.9808173539649
0.1,110.0,111,0.028302636518826967,12321,12,12,converged,6.79014872609681e-6,83.4034387900325
0.1,140.0,141,0.02228079896162974,19881,12,12,converged,1.756777518124099e-5,134.74428077848037
0.1,170.0,171,0.018371886863098204,29241,12,12,converged,3.784804911965903e-5,198.3333849525786
0.1,200.0,201,0.015629814196964145,40401,12,12,converged,7.204085973967643e-5,274.17073690456454
0.15,10.0,11,0.28559933214452665,121,8,8,converged,6.518446817477436e-5,0.7343175791174118
0.15,20.0,21,0.14959965017094254,441,10,10,converged,2.6435182882905177e-5,2.8799637181956776
0.15,30.0,31,0.10134169850289655,961,11,11,converged,2.2721447671460786e-5,6.392723596054178
0.15,40.0,41,0.07662421106316569,1681,11,11,converged,6.809387564692671e-5,11.27050524807217
0.15,50.0,51,0.06159985595274104,2601,12,12,converged,5.248904400583579e-6,17.512945915999488
0.15,70.0,71,0.04424778385337737,5041,12,12,converged,1.9337344488974833e-5,34.09143313880003
0.15,90.0,91,0.03452299619329443,8281,12,12,converged,5.1620151467323314e-5,56.12787295355839
0.15,110.0,111,0.028302636518826967,12321,13,13,converged,2.812821263671548e-5,83.6221890846989
0.15,140.0,141,0.02228079896162974,19881,13,13,converged,7.270030945484729e-5,135.09712581925828
0.15,170.0,171,0.018371886863098204,29241,14,14,converged,3.10084063641572e-5,198.85218779755
0.15,200.0,201,0.015629814196964145,40401,14,14,converged,5.9007846276319224e-5,274.8873605218507
0.2,10.0,11,0.28559933214452665,121,9,9,converged,5.2792173121620384e-5,0.7370537283370263
0.2,20.0,21,0.14959965017094254,441,11,11,converged,2.094389812724309e-5,2.8907931041383836
0.2,30.0,31,0.10134169850289655,961,11,11,converged,9.533372466579284e-5,6.416685214751522
0.2,40.0,41,0.07662421106316569,1681,12,12,converged,1.8789683654652897e-5,11.312611185289438
0.2,50.0,51,0.06159985595274104,2601,12,12,converged,4.418241426234691e-5,17.578203735508747
0.2,70.0,71,0.04424778385337737,5041,13,13,converged,4.6903195539756514e-5,34.21801308724308
0.2,90.0,91,0.03452299619329443,8281,14,14,converged,2.0338756636011553e-5,56.33579740994792
0.2,110.0,111,0.028302636518826967,12321,14,14,converged,4.4717084386359404e-5,83.93147962897619
0.2,140.0,141,0.02228079896162974,19881,15,15,converged,1.4690752380955467e-5,135.59600542064976
0.2,170.0,171,0.018371886863098204,29241,15,15,converged,3.163555484917013e-5,199.58570408260246
0.2,200.0,201,0.015629814196964145,40401,15,15,converged,6.01980028811286e-5,275.9005609894829
0.25,10.0,11,0.28559933214452665,121,10,10,converged,4.610439457836702e-5,0.7406202120215245
0.25,20.0,21,0.14959965017094254,441,11,11,converged,6.665612055711734e-5,2.9049063436724576
0.25,30.0,31,0.10134169850289655,961,12,12,converged,3.581976413599842e-5,6.447911801700492
0.25,40.0,41,0.07662421106316569,1681,13,13,converged,3.1788363497486845e-5,11.367481526839626
0.25,50.0,51,0.06159985595274104,2601,13,13,converged,7.468452303503838e-5,17.663242145058838
0.25,70.0,71,0.04424778385337737,5041,14,14,converged,3.757653041592292e-5,34.3829546733321
0.25,90.0,91,0.03452299619329443,8281,15,15,converged,1.5484729256063932e-5,56.60672871497786
0.25,110.0,111,0.028302636518826967,12321,15,15,converged,3.400419370215949e-5,84.3344861037823
0.25,140.0,141,0.02228079896162974,19881,15,15,converged,8.78452379838954e-5,136.24603412022412
0.25,170.0,171,0.018371886863098204,29241,16,16,converged,6.666472711294132e-5,200.54144599285664
0.25,200.0,201,0.015629814196964145,40401,17,17,converged,6.811582988002948e-5,277.2207069157741
0.3,10.0,11,0.28559933214452665,121,11,11,converged,1.648996643024455e-5,0.7450561829862467
0.3,20.0,21,0.14959965017094254,441,12,12,converged,3.503831644549728e-5,2.922455968707249
0.3,30.0,31,0.10134169850289655,961,13,13,converged,4.444579628893329e-5,6.486739627653284
0.3,40.0,41,0.07662421106316569,1681,14,14,converged,1.6830429587552444e-5,11.435705532416037
0.3,50.0,51,0.06159985595274104,2601,14,14,converged,3.9557193630626365e-5,17.768972387409004
0.3,70.0,71,0.04424778385337737,5041,15,15,converged,2.9813730138035885e-5,34.588019774414775
0.3,90.0,91,0.03452299619329443,8281,15,15,converged,7.935467519043144e-5,56.94355476462663
0.3,110.0,111,0.028302636518826967,12321,16,16,converged,6.53033320446851e-5,84.83549775948451
0.3,140.0,141,0.02228079896162974,19881,17,17,converged,7.8273197038785e-5,137.05411940612186
0.3,170.0,171,0.018371886863098204,29241,19,19,converged,9.422936966960493e-5,201.72955870032374
0.3,200.0,201,0.015629814196964145,40401,21,21,converged,6.60807176785631e-5,278.86180055811303
0.4,10.0,11,0.28559933214452665,121,12,12,converged,3.4844960784321514e-5,0.7567572576057966
0.4,20.0,21,0.14959965017094254,441,13,13,converged,9.076833293930256e-5,2.9687152679474433
0.4,30.0,31,0.10134169850289655,961,14,14,converged,6.676560831383058e-5,6.5890726616779745
0.4,40.0,41,0.07662421106316569,1681,15,15,converged,6.021373394206338e-5,11.615496543737834
0.4,50.0,51,0.06159985595274104,2601,16,16,converged,4.336769955448421e-5,18.047582436567975
0.4,70.0,71,0.04424778385337737,5041,17,17,converged,6.37571201228955e-5,35.128328091657636
0.4,90.0,91,0.03452299619329443,8281,19,19,converged,9.64011886271977e-5,57.830963891346926
0.4,110.0,111,0.028302636518826967,12321,22,22,converged,8.216199815440334e-5,86.15540594261901
0.4,140.0,141,0.02228079896162974,19881,25,25,converged,9.998944353390003e-5,139.1828945420768
0.4,170.0,171,0.018371886863098204,29241,29,29,converged,9.117004248972426e-5,204.8593415617259
0.4,200.0,201,0.015629814196964145,40401,33,33,converged,9.543395329527898e-5,283.1847312618919
0.5,10.0,11,0.28559933214452665,121,13,13,converged,4.5758634644733465e-5,0.7727714131931661
0.5,20.0,21,0.14959965017094254,441,15,15,converged,5.123629647249212e-5,3.0319128569047606
0.5,30.0,31,0.10134169850289655,961,16,16,converged,5.6499793124881244e-5,6.728828902106954
0.5,40.0,41,0.07662421106316569,1681,17,17,converged,6.77674446758145e-5,11.860988063667197
0.5,50.0,51,0.06159985595274104,2601,18,18,converged,9.268268061973412e-5,18.427948141943677
0.5,70.0,71,0.04424778385337737,5041,24,24,converged,7.664239299578795e-5,35.86582200605494
0.5,90.0,91,0.03452299619329443,8281,29,29,converged,9.773184955474825e-5,59.04207252754576
0.5,110.0,111,0.028302636518826967,12321,36,36,converged,9.603274053398535e-5,87.95661128351382
0.5,140.0,141,0.02228079896162974,19881,51,51,converged,9.820520677214129e-5,142.087667567594
0.5,170.0,171,0.018371886863098204,29241,74,74,converged,9.88606210275366e-5,209.12991416547152
0.5,200.0,201,0.015629814196964145,40401,110,110,converged,9.879278103191992e-5,289.0840118062711
0.6,10.0,11,0.28559933214452665,121,14,14,converged,7.673257235517749e-5,0.7941186189051815
0.6,20.0,21,0.14959965017094254,441,17,17,converged,4.73148765050378e-5,3.1158566920690087
0.6,30.0,31,0.10134169850289655,961,18,18,converged,8.818141485818229e-5,6.914324686189598
0.6,40.0,41,0.07662421106316569,1681,21,21,converged,9.09517929695582e-5,12.186707114868279
0.6,50.0,51,0.06159985595274104,2601,26,26,converged,8.652674389573098e-5,18.93250236477858
0.6,70.0,71,0.04424778385337737,5041,39,39,converged,9.19060879396326e-5,36.84383174396564
0.6,90.0,91,0.03452299619329443,8281,60,60,converged,9.735828990578628e-5,60.6480799940251
0.6,110.0,111,0.028302636518826967,12321,92,92,converged,9.906378751215215e-5,90.34606550985889
0.6,140.0,141,0.02228079896162974,19881,152,152,converged,9.975405487114245e-5,145.94761144363866
0.6,170.0,171,0.018371886863098204,29241,220,220,converged,9.906659105352534e-5,214.8216503698865
0.6,200.0,201,0.015629814196964145,40401,293,293,converged,9.884547394367042e-5,296.9791628444157
0.7,10.0,11,0.28559933214452665,121,16,16,converged,2.5738862295231597e-5,0.8225612241403437
0.7,20.0,21,0.14959965017094254,441,19,19,converged,6.762994378034474e-5,3.227023933198213
0.7,30.0,31,0.10134169850289655,961,22,22,converged,9.535320603620335e-5,7.159543258459056
0.7,40.0,41,0.07662421106316569,1681,30,30,converged,9.18787960497171e-5,12.616992291783374
0.7,50.0,51,0.06159985595274104,2601,41,41,converged,9.65250766349881e-5,19.598819038997444
0.7,70.0,71,0.04424778385337737,5041,74,74,converged,9.843838534917646e-5,38.135800136692325
0.7,90.0,91,0.03452299619329443,8281,116,116,converged,9.998982604306772e-5,62.773002157475595
0.7,110.0,111,0.028302636518826967,12321,164,164,converged,9.778192208191126e-5,93.51515431685748
0.7,140.0,141,0.02228079896162974,19881,241,241,converged,9.816982983414996e-5,151.09113000044067
0.7,170.0,171,0.018371886863098204,29241,310,310,converged,9.794610450055647e-5,222.4576019901323
0.7,200.0,201,0.015629814196964145,40401,385,385,converged,9.98219025847291e-5,307.6718862275744
0.75,10.0,11,0.28559933214452665,121,16,16,converged,5.975574424673656e-5,0.8403634981397681
0.75,20.0,21,0.14959965017094254,441,20,20,converged,8.524197368591948e-5,3.2962474372475827
0.75,30.0,31,0.10134169850289655,961,27,27,converged,9.156447269089076e-5,7.311853501636421
0.75,40.0,41,0.07662421106316569,1681,37,37,converged,9.771711466651336e-5,12.883987681235537
0.75,50.0,51,0.06159985595274104,2601,52,52,converged,9.98794447502265e-5,20.01218897591365
0.75,70.0,71,0.04424778385337737,5041,93,93,converged,9.761087338299204e-5,38.938003720913294
0.75,90.0,91,0.03452299619329443,8281,140,140,converged,9.772580038608277e-5,64.09418955578333
0.75,110.0,111,0.028302636518826967,12321,189,189,converged,9.839582476612902e-5,95.48914578429111
0.75,140.0,141,0.02228079896162974,19881,247,247,converged,9.513084410496704e-5,154.30730846633125
0.75,170.0,171,0.018371886863098204,29241,337,337,converged,9.981427137131223e-5,227.27394997787036
0.75,200.0,201,0.015629814196964145,40401,401,401,converged,9.884220119958145e-5,314.4933539229664
0.8,10.0,11,0.28559933214452665,121,17,17,converged,3.296152260953631e-5,0.861340187016298
0.8,20.0,21,0.14959965017094254,441,22,22,converged,6.671000476578383e-5,3.3776961948123296
0.8,30.0,31,0.10134169850289655,961,31,31,converged,9.261681087302614e-5,7.49052502985787
0.8,40.0,41,0.07662421106316569,1681,45,45,converged,9.70908828611277e-5,13.196828054468257
0.8,50.0,51,0.06159985595274104,2601,64,64,converged,9.819132078790661e-5,20.496404091943187
0.8,70.0,71,0.04424778385337737,5041,109,109,converged,9.70914545465942e-5,39.8776555101422
0.8,90.0,91,0.03452299619329443,8281,156,156,converged,9.555041256194929e-5,65.64301584760936
0.8,110.0,111,0.028302636518826967,12321,191,191,converged,9.075137459057824e-5,97.80719356029788
0.8,140.0,141,0.02228079896162974,19881,252,252,converged,9.95873268812393e-5,158.0940534556328
0.8,170.0,171,0.018371886863098204,29241,374,374,converged,9.939222418964653e-5,232.9837166020423
0.8,200.0,201,0.015629814196964145,40401,423,423,converged,9.799633807336618e-5,322.6251942391125
0.9,10.0,11,0.28559933214452665,121,18,18,converged,3.424025788287598e-5,0.9167372358295248
0.9,20.0,21,0.14959965017094254,441,25,25,converged,8.737956447569262e-5,3.5963059079222086
0.9,30.0,31,0.10134169850289655,961,41,41,converged,9.360217167391353e-5,7.967658578438197
0.9,40.0,41,0.07662421106316569,1681,60,60,converged,9.721070150915193e-5,14.02895752020586
0.9,50.0,51,0.06159985595274104,2601,82,82,converged,8.92807092961232e-5,21.781053789694262
0.9,70.0,71,0.04424778385337737,5041,122,122,converged,9.622794014212188e-5,42.36600383092205
0.9,90.0,91,0.03452299619329443,8281,174,174,converged,9.666837582375778e-5,69.74702682817886
0.9,110.0,111,0.028302636518826967,12321,231,231,converged,9.96808210070229e-5,103.95891118562473
0.9,140.0,141,0.02228079896162974,19881,322,322,converged,9.899279943081883e-5,168.29460054318
0.9,170.0,171,0.018371886863098204,29241,357,357,converged,9.991735471025134e-5,248.03361061797779
0.9,200.0,201,0.015629814196964145,40401,405,405,converged,9.881965322215134e-5,343.805036908173
1.0,10.0,11,0.28559933214452665,121,19,19,converged,3.2880617445686346e-5,1.0006445702549733
1.0,20.0,21,0.14959965017094254,441,30,30,converged,9.571445479827423e-5,3.968572907942845
1.0,30.0,31,0.10134169850289655,961,49,49,converged,9.387793862839808e-5,8.808920249528187
1.0,40.0,41,0.07662421106316569,1681,68,68,converged,8.983423572337288e-5,15.516993386608675
1.0,50.0,51,0.06159985595274104,2601,86,86,converged,9.64164785645883e-5,24.096332298957314
1.0,70.0,71,0.04424778385337737,5041,124,124,converged,9.555775345470777e-5,46.88823336297812
1.0,90.0,91,0.03452299619329443,8281,180,180,converged,9.677796772382096e-5,77.29480097916723
1.0,110.0,111,0.028302636518826967,12321,197,197,converged,9.603826441096985e-5,115.22420687027667
1.0,140.0,141,0.02228079896162974,19881,330,330,converged,9.797552440805093e-5,186.75124351591816
1.0,170.0,171,0.018371886863098204,29241,386,386,converged,9.829589489412993e-5,275.5530694315606
1.0,200.0,201,0.015629814196964145,40401,418,418,converged,9.915091862003598e-5,381.2579343738899
1.1,10.0,11,0.28559933214452665,121,19,19,converged,8.300349466120676e-5,1.1300417383957984
1.1,20.0,21,0.14959965017094254,441,34,34,converged,9.26343708280576e-5,4.723838172250005
1.1,30.0,31,0.10134169850289655,961,51,51,converged,8.919862965569445e-5,10.740438300967039
1.1,40.0,41,0.07662421106316569,1681,75,75,converged,8.644526826647226e-5,18.89752372479187
1.1,50.0,51,0.06159985595274104,2601,89,89,converged,6.833913840156802e-5,28.896234253543927
1.1,70.0,71,0.04424778385337737,5041,154,154,converged,9.990307677443587e-5,55.46881244347125
1.1,90.0,91,0.03452299619329443,8281,176,176,converged,9.606557291592521e-5,91.6819454561391
1.1,110.0,111,0.028302636518826967,12321,253,253,converged,9.915208814076417e-5,135.43848031360764
1.1,140.0,141,0.02228079896162974,19881,290,290,converged,9.92701954541408e-5,219.26971533483814
1.1,170.0,171,0.018371886863098204,29241,412,412,converged,9.905011408625688e-5,321.18867995233444
1.1,200.0,201,0.015629814196964145,40401,439,439,converged,9.845935389035906e-5,447.09962660956506
1.2,10.0,11,0.28559933214452665,121,20,20,converged,5.9210229971349754e-5,1.301482018080985
1.2,20.0,21,0.14959965017094254,441,37,37,converged,8.31047928446258e-5,5.455427080712591
1.2,30.0,31,0.10134169850289655,961,58,58,converged,8.755524553703677e-5,11.676173814252797
1.2,40.0,41,0.07662421106316569,1681,78,78,converged,8.819579830410962e-5,20.884741342158804
1.2,50.0,51,0.06159985595274104,2601,106,106,converged,9.93368390517374e-5,31.973591144025818
1.2,70.0,71,0.04424778385337737,5041,163,163,converged,9.4753092804337e-5,62.13397249387107
1.2,90.0,91,0.03452299619329443,8281,204,204,converged,9.57287968665063e-5,101.7347039728488
1.2,110.0,111,0.028302636518826967,12321,224,224,converged,9.721563683440052e-5,150.54538867451785
1.2,140.0,141,0.02228079896162974,19881,290,290,converged,9.880128325792984e-5,242.55854598938907
1.2,170.0,171,0.018371886863098204,29241,359,359,converged,9.951815046625972e-5,356.52896136156363
1.2,200.0,201,0.015629814196964145,40401,407,407,converged,9.98875815223824e-5,492.41906605843474
1.25,10.0,11,0.28559933214452665,121,20,20,converged,7.81777151410806e-5,1.3794693783010927
1.25,20.0,21,0.14959965017094254,441,39,39,converged,9.373182216041522e-5,5.46608517311203
1.25,30.0,31,0.10134169850289655,961,57,57,converged,9.405084403998638e-5,12.266965712313493
1.25,40.0,41,0.07662421106316569,1681,74,74,converged,9.748251692274716e-5,21.263242503966676
1.25,50.0,51,0.06159985595274104,2601,100,100,converged,9.770842090583893e-5,33.13111480216557
1.25,70.0,71,0.04424778385337737,5041,160,160,converged,9.369819300468389e-5,63.91268581983534
1.25,90.0,91,0.03452299619329443,8281,206,206,converged,9.702620563334079e-5,104.71024443003323
1.25,110.0,111,0.028302636518826967,12321,276,276,converged,9.707698817276328e-5,155.56386999001958
1.25,140.0,141,0.02228079896162974,19881,300,300,converged,9.816673174304426e-5,249.1927299688102
1.25,170.0,171,0.018371886863098204,29241,378,378,converged,9.811612901607152e-5,368.18735372950783
1.25,200.0,201,0.015629814196964145,40401,450,450,converged,9.897800837256132e-5,506.7173773214556
1.3,10.0,11,0.28559933214452665,121,21,21,converged,7.621026375476991e-5,1.4289490014579471
1.3,20.0,21,0.14959965017094254,441,39,39,converged,9.296340507028796e-5,5.5145434632254
1.3,30.0,31,0.10134169850289655,961,54,54,converged,8.249629955819368e-5,12.47449550872476
1.3,40.0,41,0.07662421106316569,1681,84,84,converged,9.574947380474879e-5,21.769325621728605
1.3,50.0,51,0.06159985595274104,2601,111,111,converged,9.424168182239698e-5,33.40127504638003
1.3,70.0,71,0.04424778385337737,5041,159,159,converged,9.606593568309375e-5,64.78894650157969
1.3,90.0,91,0.03452299619329443,8281,181,181,converged,9.920077484288289e-5,106.6733369841812
1.3,110.0,111,0.028302636518826967,12321,275,275,converged,9.731562672992098e-5,158.35659367314526
1.3,140.0,141,0.02228079896162974,19881,298,298,converged,9.825602799713346e-5,254.82462778927962
1.3,170.0,171,0.018371886863098204,29241,372,372,converged,9.925997966173889e-5,374.5520259515706
1.3,200.0,201,0.015629814196964145,40401,381,381,converged,9.957243098104175e-5,515.9008591538728
1.4,10.0,11,0.28559933214452665,121,23,23,converged,7.887159273688483e-5,1.4171910795802742
1.4,20.0,21,0.14959965017094254,441,41,41,converged,8.675872064286504e-5,5.740117722985626
1.4,30.0,31,0.10134169850289655,961,61,61,converged,9.567020649175121e-5,12.552396783132918
1.4,40.0,41,0.07662421106316569,1681,81,81,converged,9.713838297438563e-5,21.82610001883855
1.4,50.0,51,0.06159985595274104,2601,111,111,converged,9.794086468986824e-5,33.74225496130001
1.4,70.0,71,0.04424778385337737,5041,170,170,converged,9.629000581815987e-5,65.51067193821892
1.4,90.0,91,0.03452299619329443,8281,202,202,converged,9.652253546263821e-5,107.5225026961586
1.4,110.0,111,0.028302636518826967,12321,265,265,converged,9.950704011773782e-5,160.29059629441264
1.4,140.0,141,0.02228079896162974,19881,361,361,converged,9.921620441805076e-5,258.23513780471905
1.4,170.0,171,0.018371886863098204,29241,401,401,converged,9.894058984044928e-5,381.65873024626325
1.4,200.0,201,0.015629814196964145,40401,396,396,converged,9.864540434771411e-5,523.501915181721
1.5,10.0,11,0.28559933214452665,121,24,24,converged,7.7132752555391e-5,1.3440410970125423
1.5,20.0,21,0.14959965017094254,441,43,43,converged,9.774656930957848e-5,5.462702044446905
1.5,30.0,31,0.10134169850289655,961,69,69,converged,9.861659354130819e-5,12.145310269700373
1.5,40.0,41,0.07662421106316569,1681,86,86,converged,7.557613305878503e-5,21.4041200218726
1.5,50.0,51,0.06159985595274104,2601,111,111,converged,9.981207347934771e-5,33.12534721896741
1.5,70.0,71,0.04424778385337737,5041,145,145,converged,9.705406895285303e-5,64.33348806301169
1.5,90.0,91,0.03452299619329443,8281,235,235,converged,9.981910767555025e-5,105.71435675762245
1.5,110.0,111,0.028302636518826967,12321,253,253,converged,9.77356377995368e-5,158.06587087254445
1.5,140.0,141,0.02228079896162974,19881,346,346,converged,9.932577830404737e-5,254.14638563693288
1.5,170.0,171,0.018371886863098204,29241,436,436,converged,9.825039244737657e-5,373.1800411123233
1.5,200.0,201,0.015629814196964145,40401,503,503,converged,9.877326355111734e-5,517.2859235014449
1.6,10.0,11,0.28559933214452665,121,25,25,converged,9.82175346408961e-5,1.3067042268950828
1.6,20.0,21,0.14959965017094254,441,41,41,converged,8.558253708585715e-5,5.390769996580175
1.6,30.0,31,0.10134169850289655,961,77,77,converged,7.697243208694422e-5,11.89108278208618
1.6,40.0,41,0.07662421106316569,1681,94,94,converged,9.172397665072128e-5,20.632129099425818
1.6,50.0,51,0.06159985595274104,2601,109,109,converged,9.215032374096735e-5,32.09016007008953
1.6,70.0,71,0.04424778385337737,5041,203,203,converged,9.779985713867689e-5,62.66147620465398
1.6,90.0,91,0.03452299619329443,8281,270,270,converged,9.908134041025578e-5,105.4039822052748
1.6,110.0,111,0.028302636518826967,12321,322,322,converged,9.994996575059224e-5,154.24657443540832
1.6,140.0,141,0.02228079896162974,19881,435,435,converged,9.98966067885752e-5,252.4942480482701
1.6,170.0,171,0.018371886863098204,29241,528,528,converged,9.89730431604575e-5,406.97469065011916
1.6,200.0,201,0.015629814196964145,40401,430,430,converged,9.833200436487999e-5,505.5224823506181
1.7,10.0,11,0.28559933214452665,121,27,27,converged,7.761135954453812e-5,1.2912631103211942
1.7,20.0,21,0.14959965017094254,441,55,55,converged,9.160815707843263e-5,5.0906390544655675
1.7,30.0,31,0.10134169850289655,961,84,84,converged,9.679869113231437e-5,11.304168439903282
1.7,40.0,41,0.07662421106316569,1681,111,111,converged,9.648855151702908e-5,19.929353784611013
1.7,50.0,51,0.06159985595274104,2601,148,148,converged,9.529603635272305e-5,30.838378752562985
1.7,70.0,71,0.04424778385337737,5041,204,204,converged,9.973654706350217e-5,59.84589457558452
1.7,90.0,91,0.03452299619329443,8281,300,300,converged,9.732169536705927e-5,103.05027289374375
1.7,110.0,111,0.028302636518826967,12321,327,327,converged,9.961952029202424e-5,153.2394358031703
1.7,140.0,141,0.02228079896162974,19881,508,508,converged,9.803742170942692e-5,317.70299499638486
1.7,170.0,171,0.018371886863098204,29241,442,442,converged,9.931528331734088e-5,357.7163032347338
1.7,200.0,201,0.015629814196964145,40401,488,488,converged,9.968190114656786e-5,518.3067086346539
1.75,10.0,11,0.28559933214452665,121,27,27,converged,9.714745979182889e-5,1.2733871549080524
1.75,20.0,21,0.14959965017094254,441,55,55,converged,8.429494881324327e-5,4.924416626479868
1.75,30.0,31,0.10134169850289655,961,86,86,converged,9.783962121812335e-5,11.100128235172626
1.75,40.0,41,0.07662421106316569,1681,128,128,converged,9.897785929071787e-5,19.759792921695333
1.75,50.0,51,0.06159985595274104,2601,161,161,converged,9.762203055192427e-5,31.123633476214433
1.75,70.0,71,0.04424778385337737,5041,237,237,converged,9.787667611299081e-5,62.432750071131885
1.75,90.0,91,0.03452299619329443,8281,302,302,converged,9.593042181578702e-5,101.49442372564984
1.75,110.0,111,0.028302636518826967,12321,376,376,converged,9.933016783124353e-5,150.77514484112106
1.75,140.0,141,0.02228079896162974,19881,468,468,converged,9.993773024035503e-5,319.5358550380669
1.75,170.0,171,0.018371886863098204,29241,522,522,converged,9.817785399219207e-5,389.61501520639047
1.75,200.0,201,0.015629814196964145,40401,644,644,converged,9.998328106519913e-5,671.8706614944588
1.8,10.0,11,0.28559933214452665,121,28,28,converged,8.146682832423155e-5,1.2431842828332411
1.8,20.0,21,0.14959965017094254,441,56,56,converged,9.545295819839236e-5,4.824851707757348
1.8,30.0,31,0.10134169850289655,961,89,89,converged,9.713663401155201e-5,10.767459148573423
1.8,40.0,41,0.07662421106316569,1681,119,119,converged,9.194241403617215e-5,19.11675365696198
1.8,50.0,51,0.06159985595274104,2601,164,164,converged,9.663868448109899e-5,30.346334975668807
1.8,70.0,71,0.04424778385337737,5041,237,237,converged,9.627450187840368e-5,61.32742784565298
1.8,90.0,91,0.03452299619329443,8281,294,294,converged,9.712709841953747e-5,101.62396197145343
1.8,110.0,111,0.028302636518826967,12321,367,367,converged,9.916989497563464e-5,177.90321356334488
1.8,140.0,141,0.02228079896162974,19881,512,512,converged,9.88349214528069e-5,347.20730886538115
1.8,170.0,171,0.018371886863098204,29241,538,538,converged,9.835834432449155e-5,458.78066456495856
1.8,200.0,201,0.015629814196964145,40401,679,679,converged,9.860297013865328e-5,615.3348584651457
1.9,10.0,11,0.28559933214452665,121,31,31,converged,8.548271718966744e-5,1.1565097699465283
1.9,20.0,21,0.14959965017094254,441,54,54,converged,7.448695331534747e-5,4.658103636434961
1.9,30.0,31,0.10134169850289655,961,95,95,converged,9.937246788807038e-5,10.456505059807647
1.9,40.0,41,0.07662421106316569,1681,127,127,converged,9.431134417282255e-5,18.3929624507613
1.9,50.0,51,0.06159985595274104,2601,176,176,converged,9.862522291890892e-5,32.33021028765194
1.9,70.0,71,0.04424778385337737,5041,207,207,converged,9.67939726785782e-5,57.76393383162579
1.9,90.0,91,0.03452299619329443,8281,313,313,converged,9.770845470178707e-5,106.29547257278308
1.9,110.0,111,0.028302636518826967,12321,374,374,converged,9.702840178118138e-5,252.93638315961556
1.9,140.0,141,0.02228079896162974,19881,452,452,converged,9.8072057722404e-5,355.505536690412
1.9,170.0,171,0.018371886863098204,29241,617,617,converged,9.882492963713047e-5,629.1218076723528
1.9,200.0,201,0.015629814196964145,40401,727,727,converged,9.903796855002755e-5,1462.8864062754685
2.0,10.0,11,0.28559933214452665,121,32,32,converged,8.870395826503637e-5,1.0705068448049981
2.0,20.0,21,0.14959965017094254,441,62,62,converged,9.955249891012068e-5,4.384463351541349
2.0,30.0,31,0.10134169850289655,961,96,96,converged,9.214691168669151e-5,10.135152418528422
2.0,40.0,41,0.07662421106316569,1681,145,145,converged,9.103868607827619e-5,19.367148439218322
2.0,50.0,51,0.06159985595274104,2601,159,159,converged,9.403724246609295e-5,36.34014565804995
2.0,70.0,71,0.04424778385337737,5041,257,257,converged,9.952935380450448e-5,65.54263511722408
2.0,90.0,91,0.03452299619329443,8281,325,325,converged,9.818606246082233e-5,124.70842142631895
2.0,110.0,111,0.028302636518826967,12321,397,397,converged,9.863110361740651e-5,202.69561098182126
2.0,140.0,141,0.02228079896162974,19881,509,509,converged,9.965804982191569e-5,413.74527985048104
2.0,170.0,171,0.018371886863098204,29241,634,634,converged,9.91166774645899e-5,567.1725170607533
2.0,200.0,201,0.015629814196964145,40401,699,699,converged,9.804814178069586e-5,857.943004824406
2.1,10.0,11,0.28559933214452665,121,30,30,converged,9.036357413907218e-5,1.0099184484912922
2.1,20.0,21,0.14959965017094254,441,64,64,converged,8.937318139104295e-5,4.162618295265965
2.1,30.0,31,0.10134169850289655,961,111,111,converged,9.973833096642419e-5,10.788229357029127
2.1,40.0,41,0.07662421106316569,1681,132,132,converged,9.695234730331381e-5,17.515654497305707
2.1,50.0,51,0.06159985595274104,2601,181,181,converged,9.82173640070327e-5,41.145420019700545
2.1,70.0,71,0.04424778385337737,5041,250,250,converged,9.856156742605911e-5,80.14544718476951
2.1,90.0,91,0.03452299619329443,8281,345,345,converged,9.74068721725341e-5,180.62693155466087
2.1,110.0,111,0.028302636518826967,12321,420,420,converged,9.864938419318544e-5,212.8214139012837
2.1,140.0,141,0.02228079896162974,19881,476,476,converged,9.796671393840342e-5,304.8347756842758
2.1,170.0,171,0.018371886863098204,29241,640,640,converged,9.928677536570237e-5,541.8589547984153
2.1,200.0,201,0.015629814196964145,40401,687,687,converged,9.878676534963549e-5,845.9128467635404
2.2,10.0,11,0.28559933214452665,121,33,33,converged,7.588921739323063e-5,0.9721265326630283
2.2,20.0,21,0.14959965017094254,441,65,65,converged,8.617705320531389e-5,4.134779624689859
2.2,30.0,31,0.10134169850289655,961,113,113,converged,9.523829140763932e-5,9.825639239258743
2.2,40.0,41,0.07662421106316569,1681,144,144,converged,9.714471238139006e-5,18.38299468746291
2.2,50.0,51,0.06159985595274104,2601,186,186,converged,9.747645825887815e-5,32.558418314333245
2.2,70.0,71,0.04424778385337737,5041,245,245,converged,9.792821689973719e-5,64.8670396547075
2.2,90.0,91,0.03452299619329443,8281,356,356,converged,9.773037015111274e-5,176.8006548528984
2.2,110.0,111,0.028302636518826967,12321,374,374,converged,9.900901572734213e-5,302.86158605005915
2.2,140.0,141,0.02228079896162974,19881,549,549,converged,9.828915436232584e-5,466.6089783599143
2.2,170.0,171,0.018371886863098204,29241,622,622,converged,9.89334995887343e-5,499.44956774321224
2.2,200.0,201,0.015629814196964145,40401,752,752,converged,9.94566110988451e-5,1315.9799829669298
2.25,10.0,11,0.28559933214452665,121,33,33,converged,7.783825984784792e-5,0.9567233096034464
2.25,20.0,21,0.14959965017094254,441,65,65,converged,8.72385391990581e-5,4.058568588396275
2.25,30.0,31,0.10134169850289655,961,112,112,converged,9.030087202300276e-5,11.686675757435362
2.25,40.0,41,0.07662421106316569,1681,147,147,converged,9.439534040106865e-5,25.318957427826664
2.25,50.0,51,0.06159985595274104,2601,195,195,converged,9.817979297220476e-5,41.632898058908516
2.25,70.0,71,0.04424778385337737,5041,246,246,converged,9.743829995130174e-5,85.52384071143193
2.25,90.0,91,0.03452299619329443,8281,328,328,converged,9.923969325774146e-5,145.1942595011388
2.25,110.0,111,0.028302636518826967,12321,446,446,converged,9.914191484904444e-5,314.71863971834165
2.25,140.0,141,0.02228079896162974,19881,501,501,converged,9.823809959089902e-5,564.5060286362678
2.25,170.0,171,0.018371886863098204,29241,660,660,converged,9.885720376979857e-5,1121.864695756201
2.25,200.0,201,0.015629814196964145,40401,765,765,converged,9.976255434306961e-5,1164.0338043659935
2.3,10.0,11,0.28559933214452665,121,33,33,converged,6.26307142058018e-5,0.9408820957007801
2.3,20.0,21,0.14959965017094254,441,76,76,converged,8.252701473542596e-5,4.118531506597735
2.3,30.0,31,0.10134169850289655,961,111,111,converged,8.846183418074087e-5,10.60106379760905
2.3,40.0,41,0.07662421106316569,1681,150,150,converged,9.661251694847894e-5,31.12191500587139
2.3,50.0,51,0.06159985595274104,2601,183,183,converged,9.62792880562812e-5,38.64200543342763
2.3,70.0,71,0.04424778385337737,5041,253,253,converged,9.908116484736209e-5,90.4577889500284
2.3,90.0,91,0.03452299619329443,8281,359,359,converged,9.990318092353418e-5,159.07267194699588
2.3,110.0,111,0.028302636518826967,12321,411,411,converged,9.863545128980885e-5,447.46807999737985
2.3,140.0,141,0.02228079896162974,19881,503,503,converged,9.833959280798924e-5,461.5363130696484
2.3,170.0,171,0.018371886863098204,29241,630,630,converged,9.808251525744342e-5,1633.8692860516967
2.3,200.0,201,0.015629814196964145,40401,795,795,converged,9.893680273014935e-5,1039.4921718354092
2.4,10.0,11,0.28559933214452665,121,33,33,converged,8.509378306791304e-5,0.9043888091380574
2.4,20.0,21,0.14959965017094254,441,62,62,converged,7.943220326863434e-5,3.957845802650287
2.4,30.0,31,0.10134169850289655,961,110,110,converged,8.504171264934627e-5,16.43519074962068
2.4,40.0,41,0.07662421106316569,1681,138,138,converged,9.62160150121156e-5,26.665785838211725
2.4,50.0,51,0.06159985595274104,2601,187,187,converged,9.771136576202565e-5,39.01199764414139
2.4,70.0,71,0.04424778385337737,5041,261,261,converged,9.757374087275447e-5,74.9444144174964
2.4,90.0,91,0.03452299619329443,8281,329,329,converged,9.826997521317068e-5,120.5227954758957
2.4,110.0,111,0.028302636518826967,12321,424,424,converged,9.909847333359157e-5,559.1600144856396
2.4,140.0,141,0.02228079896162974,19881,517,517,converged,9.758538747352972e-5,752.6092000669622
2.4,170.0,171,0.018371886863098204,29241,677,677,converged,9.875847509458717e-5,1785.0124191490133
2.4,200.0,201,0.015629814196964145,40401,760,760,converged,9.875585053928638e-5,3794.4502300681465
2.5,10.0,11,0.28559933214452665,121,34,34,converged,6.34115859801641e-5,0.866322349058974
2.5,20.0,21,0.14959965017094254,441,80,80,converged,9.417158285947102e-5,5.0703968883638595
2.5,30.0,31,0.10134169850289655,961,110,110,converged,9.486441321171814e-5,9.07401071331887
2.5,40.0,41,0.07662421106316569,1681,137,137,converged,9.528216302871634e-5,27.19920424155921
2.5,50.0,51,0.06159985595274104,2601,169,169,converged,9.511988591088696e-5,49.3910264108117
2.5,70.0,71,0.04424778385337737,5041,256,256,converged,9.932706782371495e-5,116.75683076687261
2.5,90.0,91,0.03452299619329443,8281,347,347,converged,9.865095962658613e-5,149.09105533599447
2.5,110.0,111,0.028302636518826967,12321,416,416,converged,9.725250342277003e-5,258.6572834175908
2.5,140.0,141,0.02228079896162974,19881,535,535,converged,9.99383086246381e-5,1191.9782295984226
2.5,170.0,171,0.018371886863098204,29241,694,694,converged,9.960833863740692e-5,2564.8814761698363
2.5,200.0,201,0.015629814196964145,40401,812,812,converged,9.895718959523958e-5,3641.483874924304
2.6,10.0,11,0.28559933214452665,121,37,37,converged,8.979270650129617e-5,0.8420715982538153
2.6,20.0,21,0.14959965017094254,441,72,72,converged,9.341779828122215e-5,4.68019997022122
2.6,30.0,31,0.10134169850289655,961,115,115,converged,9.445841343092649e-5,13.093981452556848
2.6,40.0,41,0.07662421106316569,1681,145,145,converged,9.818103199449612e-5,21.24697264637894
2.6,50.0,51,0.06159985595274104,2601,192,192,converged,9.767530142745448e-5,46.133887528542196
2.6,70.0,71,0.04424778385337737,5041,283,283,converged,9.757082670483296e-5,102.68698823755528
2.6,90.0,91,0.03452299619329443,8281,349,349,converged,9.901396458095502e-5,287.12163071298136
2.6,110.0,111,0.028302636518826967,12321,451,451,converged,9.896040404152654e-5,623.3126197340026
2.6,140.0,141,0.02228079896162974,19881,559,559,converged,9.97930971067974e-5,1265.875342350466
2.6,170.0,171,0.018371886863098204,29241,669,669,converged,9.870889484387828e-5,1798.8324916824088
2.6,200.0,201,0.015629814196964145,40401,818,818,converged,9.875190369799865e-5,3729.440475241403
2.7,10.0,11,0.28559933214452665,121,42,42,converged,4.850837152264986e-5,0.864388184866495
2.7,20.0,21,0.14959965017094254,441,81,81,converged,9.19895307405197e-5,4.051677002564282
2.7,30.0,31,0.10134169850289655,961,119,119,converged,9.786429126871947e-5,15.633116301731496
2.7,40.0,41,0.07662421106316569,1681,144,144,converged,9.743356481692235e-5,24.723629621181388
2.7,50.0,51,0.06159985595274104,2601,195,195,converged,9.90794070451293e-5,37.83823637074889
2.7,70.0,71,0.04424778385337737,5041,284,284,converged,9.691631974674222e-5,109.88285071954657
2.7,90.0,91,0.03452299619329443,8281,355,355,converged,9.931254733196671e-5,336.1515545446084
2.7,110.0,111,0.028302636518826967,12321,451,451,converged,9.817969897462476e-5,688.2009864970393
2.7,140.0,141,0.02228079896162974,19881,602,602,converged,9.855706010312654e-5,1538.2169740381842
2.7,170.0,171,0.018371886863098204,29241,712,712,converged,9.980299522546243e-5,3218.91195252144
2.7,200.0,201,0.015629814196964145,40401,786,786,converged,9.965857965116534e-5,4467.411683204861
2.75,10.0,11,0.28559933214452665,121,36,36,converged,9.544034274275774e-5,0.9150225517642818
2.75,20.0,21,0.14959965017094254,441,77,77,converged,9.314646609931391e-5,4.3995838311037065
2.75,30.0,31,0.10134169850289655,961,126,126,converged,9.791918337238952e-5,19.396092885211274
2.75,40.0,41,0.07662421106316569,1681,156,156,converged,9.639700573055623e-5,23.433661165664
2.75,50.0,51,0.06159985595274104,2601,191,191,converged,9.683068797575528e-5,59.50355649950621
2.75,70.0,71,0.04424778385337737,5041,287,287,converged,9.575497506139026e-5,147.53026020084488
2.75,90.0,91,0.03452299619329443,8281,353,353,converged,9.76460936885947e-5,396.20012003102914
2.75,110.0,111,0.028302636518826967,12321,466,466,converged,9.711756011947187e-5,903.2131299141598
2.75,140.0,141,0.02228079896162974,19881,584,584,converged,9.752501611218317e-5,1531.2125340466193
2.75,170.0,171,0.018371886863098204,29241,708,708,converged,9.912798310555114e-5,3870.584185158537
2.75,200.0,201,0.015629814196964145,40401,830,830,converged,9.918773143978848e-5,5517.990396261284
2.8,10.0,11,0.28559933214452665,121,42,42,converged,9.783186131739575e-5,0.9620319534959707
2.8,20.0,21,0.14959965017094254,441,72,72,converged,9.008573806831891e-5,8.004008991581506
2.8,30.0,31,0.10134169850289655,961,119,119,converged,8.918438774091193e-5,17.59174695791863
2.8,40.0,41,0.07662421106316569,1681,154,154,converged,9.931900071225292e-5,30.645834404831756
2.8,50.0,51,0.06159985595274104,2601,193,193,converged,9.98548212442095e-5,34.21644177179627
2.8,70.0,71,0.04424778385337737,5041,272,272,converged,9.826530738864654e-5,242.1517627705693
2.8,90.0,91,0.03452299619329443,8281,373,373,converged,9.791777335178902e-5,493.03434987529937
2.8,110.0,111,0.028302636518826967,12321,448,448,converged,9.978617323024659e-5,906.085289194535
2.8,140.0,141,0.02228079896162974,19881,587,587,converged,9.982274243934405e-5,1557.0381383719846
2.8,170.0,171,0.018371886863098204,29241,711,711,converged,9.898368509560898e-5,3228.7821028325297
2.8,200.0,201,0.015629814196964145,40401,868,868,converged,9.96558288710161e-5,8958.906176988929
2.9,10.0,11,0.28559933214452665,121,37,37,converged,9.225887947022954e-5,0.9115832571058037
2.9,20.0,21,0.14959965017094254,441,77,77,converged,9.104306373459132e-5,3.719161259451701
2.9,30.0,31,0.10134169850289655,961,110,110,converged,9.485517556625156e-5,17.139855120248342
2.9,40.0,41,0.07662421106316569,1681,160,160,converged,9.927541863467852e-5,36.8760712962234
2.9,50.0,51,0.06159985595274104,2601,196,196,converged,9.503534477409437e-5,86.6566110168414
2.9,70.0,71,0.04424778385337737,5041,283,283,converged,9.61172801502071e-5,347.59155455922394
2.9,90.0,91,0.03452299619329443,8281,371,371,converged,9.682841847762556e-5,707.4047047675882
2.9,110.0,111,0.028302636518826967,12321,462,462,converged,9.928235674910715e-5,1673.9663474308738
2.9,140.0,141,0.02228079896162974,19881,601,601,converged,9.949100588045122e-5,3782.5872433741943
2.9,170.0,171,0.018371886863098204,29241,702,702,converged,9.972057000977937e-5,5257.420685643338
2.9,200.0,201,0.015629814196964145,40401,858,858,converged,9.892026290571062e-5,14118.928744864887
3.0,10.0,11,0.28559933214452665,121,41,41,converged,8.259069296212145e-5,0.9530068682917385
3.0,20.0,21,0.14959965017094254,441,73,73,converged,9.629012391971378e-5,5.1836431450848
3.0,30.0,31,0.10134169850289655,961,118,118,converged,9.306839879495646e-5,19.721857341925325
3.0,40.0,41,0.07662421106316569,1681,158,158,converged,9.514201882275297e-5,45.364994768855226
3.0,50.0,51,0.06159985595274104,2601,198,198,converged,9.434821892537095e-5,93.85229098703158
3.0,70.0,71,0.04424778385337737,5041,280,280,converged,9.814733430790743e-5,438.75160672505916
3.0,90.0,91,0.03452299619329443,8281,368,368,converged,9.749004831785551e-5,715.780157682997
3.0,110.0,111,0.028302636518826967,12321,444,444,converged,9.833105935153479e-5,1545.9196168955136
3.0,140.0,141,0.02228079896162974,19881,571,571,converged,9.778706777074529e-5,4252.805796211768
3.0,170.0,171,0.018371886863098204,29241,709,709,converged,9.879379343071714e-5,6289.817899533003
3.0,200.0,201,0.015629814196964145,40401,856,856,converged,9.965216098793815e-5,21714.857833393147
3.1,10.0,11,0.28559933214452665,121,36,36,converged,4.30212111642893e-5,1.0252083349809753
3.1,20.0,21,0.14959965017094254,441,72,72,converged,9.399974814287684e-5,6.796321935370957
3.1,30.0,31,0.10134169850289655,961,122,122,converged,9.326886928050975e-5,22.852967775272127
3.1,40.0,41,0.07662421106316569,1681,169,169,converged,9.659998321814259e-5,48.70277706223676
3.1,50.0,51,0.06159985595274104,2601,211,211,converged,9.39614343871166e-5,85.82380080885297
3.1,70.0,71,0.04424778385337737,5041,300,300,converged,9.998097369008826e-5,558.1870897877656
3.1,90.0,91,0.03452299619329443,8281,345,345,converged,9.934111748970019e-5,731.0011022783075
3.1,110.0,111,0.028302636518826967,12321,471,471,converged,9.889069594256236e-5,2159.2459076319055
3.1,140.0,141,0.02228079896162974,19881,606,606,converged,9.937480389916212e-5,4558.447469459127
3.1,170.0,171,0.018371886863098204,29241,696,696,converged,9.8930040802146e-5,8267.339162988259
3.1,200.0,201,0.015629814196964145,40401,839,839,converged,9.889617146835493e-5,18530.413091583378
3.2,10.0,11,0.28559933214452665,121,39,39,converged,6.982369276143318e-5,1.258625632042894
3.2,20.0,21,0.14959965017094254,441,77,77,converged,9.765559293763767e-5,5.296377283013149
3.2,30.0,31,0.10134169850289655,961,122,122,converged,9.195899922285905e-5,16.19316291049292
3.2,40.0,41,0.07662421106316569,1681,164,164,converged,9.677977068624589e-5,42.92471150423172
3.2,50.0,51,0.06159985595274104,2601,210,210,converged,9.543541229749662e-5,103.22094123659046
3.2,70.0,71,0.04424778385337737,5041,288,288,converged,9.821604745947851e-5,269.7405271979083
3.2,90.0,91,0.03452299619329443,8281,390,390,converged,9.800450813913662e-5,991.8397288648913
3.2,110.0,111,0.028302636518826967,12321,456,456,converged,9.777672431782114e-5,1791.8749599303244
3.2,140.0,141,0.02228079896162974,19881,593,593,converged,9.959420306939646e-5,5287.587324203899
3.2,170.0,171,0.018371886863098204,29241,703,703,converged,9.994547386671223e-5,9811.640120333548
3.2,200.0,201,0.015629814196964145,40401,856,856,converged,9.93247864885248e-5,20628.760170105994
3.25,10.0,11,0.28559933214452665,121,39,39,converged,7.71218042958822e-5,1.1078300722211099
3.25,20.0,21,0.14959965017094254,441,76,76,converged,8.818213166546152e-5,5.638269761331704
3.25,30.0,31,0.10134169850289655,961,119,119,converged,9.322345882285213e-5,19.236090176258607
3.25,40.0,41,0.07662421106316569,1681,150,150,converged,9.566880322651416e-5,47.01443817595805
3.25,50.0,51,0.06159985595274104,2601,205,205,converged,9.72859062766932e-5,130.30887280089473
3.25,70.0,71,0.04424778385337737,5041,280,280,converged,9.903866030444373e-5,476.5668502194506
3.25,90.0,91,0.03452299619329443,8281,379,379,converged,9.844834656091804e-5,851.606068420876
3.25,110.0,111,0.028302636518826967,12321,473,473,converged,9.808936479268448e-5,2082.9922056249343
3.25,140.0,141,0.02228079896162974,19881,604,604,converged,9.968018912050578e-5,6607.340301883215
3.25,170.0,171,0.018371886863098204,29241,717,717,converged,9.950916848158728e-5,14031.285882193599
3.25,200.0,201,0.015629814196964145,40401,836,836,converged,9.942112312283193e-5,22886.48959402407
3.3,10.0,11,0.28559933214452665,121,41,41,converged,9.155010801610167e-5,0.899972906731756
3.3,20.0,21,0.14959965017094254,441,76,76,converged,9.143420767676891e-5,4.7138268395947565
3.3,30.0,31,0.10134169850289655,961,124,124,converged,9.855819441383959e-5,22.80053049295229
3.3,40.0,41,0.07662421106316569,1681,155,155,converged,9.404721395755139e-5,55.783567359236095
3.3,50.0,51,0.06159985595274104,2601,209,209,converged,9.717534441708959e-5,154.40619045674467
3.3,70.0,71,0.04424778385337737,5041,289,289,converged,9.780129462341622e-5,342.2013700304088
3.3,90.0,91,0.03452299619329443,8281,384,384,converged,9.698224361711331e-5,838.0227168401452
3.3,110.0,111,0.028302636518826967,12321,468,468,converged,9.736483551963957e-5,2398.0290459111943
3.3,140.0,141,0.02228079896162974,19881,608,608,converged,9.983048268647633e-5,4326.426492412139
3.3,170.0,171,0.018371886863098204,29241,707,707,converged,9.897769192954335e-5,14000.432154458742
3.3,200.0,201,0.015629814196964145,40401,855,855,converged,9.858278944815305e-5,18135.019702687114
3.4,10.0,11,0.28559933214452665,121,42,42,converged,6.555634349022181e-5,0.7482696824729551
3.4,20.0,21,0.14959965017094254,441,77,77,converged,9.512755447418937e-5,6.666553784798993
3.4,30.0,31,0.10134169850289655,961,123,123,converged,9.506207821069472e-5,24.073734197736254
3.4,40.0,41,0.07662421106316569,1681,167,167,converged,9.554747449560374e-5,69.70989730073673
3.4,50.0,51,0.06159985595274104,2601,214,214,converged,9.899672899908808e-5,161.28877362565143
3.4,70.0,71,0.04424778385337737,5041,281,281,converged,9.863372054168333e-5,522.205777485929
3.4,90.0,91,0.03452299619329443,8281,388,388,converged,9.729707787791878e-5,1514.3478989810526
3.4,110.0,111,0.028302636518826967,12321,462,462,converged,9.846819146495218e-5,2112.840135072818
3.4,140.0,141,0.02228079896162974,19881,596,596,converged,9.896137081712985e-5,6115.144076480126
3.4,170.0,171,0.018371886863098204,29241,729,729,converged,9.875117140342921e-5,12510.12569977361
3.4,200.0,201,0.015629814196964145,40401,834,834,converged,9.905926908274761e-5,19861.81222592786
3.5,10.0,11,0.28559933214452665,121,41,41,converged,8.689143289822339e-5,0.7334272990279522
3.5,20.0,21,0.14959965017094254,441,81,81,converged,9.193941464285556e-5,7.710496568985774
3.5,30.0,31,0.10134169850289655,961,127,127,converged,9.095026225214196e-5,20.0503648623124
3.5,40.0,41,0.07662421106316569,1681,177,177,converged,9.499871592659522e-5,79.35902982662414
3.5,50.0,51,0.06159985595274104,2601,202,202,converged,9.722840468393058e-5,183.98841942685561
3.5,70.0,71,0.04424778385337737,5041,300,300,converged,9.754921741191907e-5,528.0510476186715
3.5,90.0,91,0.03452299619329443,8281,389,389,converged,9.692293061082015e-5,1457.2059328929392
3.5,110.0,111,0.028302636518826967,12321,446,446,converged,9.98736311884903e-5,2166.184202186373
3.5,140.0,141,0.02228079896162974,19881,596,596,converged,9.961615026145965e-5,6935.044670779298
3.5,170.0,171,0.018371886863098204,29241,723,723,converged,9.942951489487358e-5,10223.643143371717
3.5,200.0,201,0.015629814196964145,40401,847,847,converged,9.918243141203222e-5,28901.520977138065
3.6,10.0,11,0.28559933214452665,121,37,37,converged,9.938818213762583e-5,0.8207977812383713
3.6,20.0,21,0.14959965017094254,441,86,86,converged,9.432991041457291e-5,7.905863550401155
3.6,30.0,31,0.10134169850289655,961,127,127,converged,9.488415979434751e-5,27.852969787425693
3.6,40.0,41,0.07662421106316569,1681,167,167,converged,9.581567608402003e-5,101.97404255973719
3.6,50.0,51,0.06159985595274104,2601,218,218,converged,9.706543293174298e-5,168.622794469495
3.6,70.0,71,0.04424778385337737,5041,298,298,converged,9.837764214075353e-5,560.4003870900299
3.6,90.0,91,0.03452299619329443,8281,381,381,converged,9.994893759975834e-5,1098.8461502910786
3.6,110.0,111,0.028302636518826967,12321,462,462,converged,9.879032876715976e-5,2953.4697627388878
3.6,140.0,141,0.02228079896162974,19881,606,606,converged,9.955266378794158e-5,8433.479166797828
3.6,170.0,171,0.018371886863098204,29241,719,719,converged,9.863027346624701e-5,17112.70450243825
3.6,200.0,201,0.015629814196964145,40401,856,856,converged,9.901058757720784e-5,32013.71616534731
3.7,10.0,11,0.28559933214452665,121,41,41,converged,9.907522325253814e-5,1.1457221999249703
3.7,20.0,21,0.14959965017094254,441,83,83,converged,9.305984258821218e-5,8.361255276125709
3.7,30.0,31,0.10134169850289655,961,132,132,converged,9.750746050270887e-5,34.180778740169565
3.7,40.0,41,0.07662421106316569,1681,167,167,converged,9.417641707096106e-5,98.52455744527242
3.7,50.0,51,0.06159985595274104,2601,198,198,converged,9.623817954006391e-5,146.89164950148228
3.7,70.0,71,0.04424778385337737,5041,288,288,converged,9.792951225990575e-5,786.7726526404066
3.7,90.0,91,0.03452299619329443,8281,390,390,converged,9.953566393197473e-5,1956.9535202651668
3.7,110.0,111,0.028302636518826967,12321,454,454,converged,9.869451212052757e-5,3425.447003414293
3.7,140.0,141,0.02228079896162974,19881,593,593,converged,9.855776843142125e-5,9402.708829951227
3.7,170.0,171,0.018371886863098204,29241,715,715,converged,9.89111417932844e-5,24148.27827880771
3.7,200.0,201,0.015629814196964145,40401,852,852,converged,9.912911346476735e-5,30864.316574810804
3.75,10.0,11,0.28559933214452665,121,36,36,converged,8.259916244255131e-5,1.322762919108572
3.75,20.0,21,0.14959965017094254,441,86,86,converged,9.169317487304686e-5,8.83261992057164
3.75,30.0,31,0.10134169850289655,961,124,124,converged,9.237641894096045e-5,35.98733198892933
3.75,40.0,41,0.07662421106316569,1681,172,172,converged,9.969649444318627e-5,121.74279774396837
3.75,50.0,51,0.06159985595274104,2601,206,206,converged,9.931662861775133e-5,249.9955125794789
3.75,70.0,71,0.04424778385337737,5041,296,296,converged,9.926501312920063e-5,707.8130035559088
3.75,90.0,91,0.03452299619329443,8281,387,387,converged,9.838166233241438e-5,1862.4296527385306
3.75,110.0,111,0.028302636518826967,12321,435,435,converged,9.996416504035136e-5,4069.127904574114
3.75,140.0,141,0.02228079896162974,19881,591,591,converged,9.804317198729273e-5,10065.386483816112
3.75,170.0,171,0.018371886863098204,29241,731,731,converged,9.975032122088808e-5,19863.652238470222
3.75,200.0,201,0.015629814196964145,40401,844,844,converged,9.920309771308951e-5,40576.06304413929
3.8,10.0,11,0.28559933214452665,121,39,39,converged,8.901358642321824e-5,1.3613672300393567
3.8,20.0,21,0.14959965017094254,441,76,76,converged,9.399026729324574e-5,7.680226464120662
3.8,30.0,31,0.10134169850289655,961,120,120,converged,9.96552137836384e-5,40.42131044116657
3.8,40.0,41,0.07662421106316569,1681,174,174,converged,9.676000416948099e-5,144.20253338720158
3.8,50.0,51,0.06159985595274104,2601,216,216,converged,9.772575493964598e-5,217.56631072122323
3.8,70.0,71,0.04424778385337737,5041,304,304,converged,9.951082124872412e-5,671.0844153026959
3.8,90.0,91,0.03452299619329443,8281,362,362,converged,9.691328457899467e-5,2165.4413635710284
3.8,110.0,111,0.028302636518826967,12321,475,475,converged,9.968463092450383e-5,3949.517655647161
3.8,140.0,141,0.02228079896162974,19881,599,599,converged,9.817616635009947e-5,13171.707430063505
3.8,170.0,171,0.018371886863098204,29241,717,717,converged,9.904582425202809e-5,24340.094911517543
3.8,200.0,201,0.015629814196964145,40401,862,862,converged,9.955630158016071e-5,41340.94665159225
3.9,10.0,11,0.28559933214452665,121,44,44,converged,9.658890032851375e-5,1.2479515513605035
3.9,20.0,21,0.14959965017094254,441,80,80,converged,9.808085109666077e-5,8.426464819757264
3.9,30.0,31,0.10134169850289655,961,133,133,converged,9.994390808470266e-5,48.234877995725384
3.9,40.0,41,0.07662421106316569,1681,176,176,converged,9.350087213378581e-5,140.90797729173033
3.9,50.0,51,0.06159985595274104,2601,208,208,converged,9.97030085188654e-5,229.6895579747023
3.9,70.0,71,0.04424778385337737,5041,290,290,converged,9.969601639567058e-5,1092.3073413559298
3.9,90.0,91,0.03452299619329443,8281,377,377,converged,9.979221475257977e-5,2258.628686537823
3.9,110.0,111,0.028302636518826967,12321,433,433,converged,9.85780532512537e-5,6226.8697155519785
3.9,140.0,141,0.02228079896162974,19881,593,593,converged,9.791821355682841e-5,14495.700142932388
3.9,170.0,171,0.018371886863098204,29241,725,725,converged,9.94834651739685e-5,26310.083900539405
3.9,200.0,201,0.015629814196964145,40401,836,836,converged,9.86410329088059e-5,49905.61318083803
4.0,10.0,11,0.28559933214452665,121,34,34,converged,9.155660704633577e-5,1.0872680741248812
4.0,20.0,21,0.14959965017094254,441,78,78,converged,9.107076518385918e-5,13.913757479988616
4.0,30.0,31,0.10134169850289655,961,128,128,converged,9.571138497055103e-5,61.51871344464509
4.0,40.0,41,0.07662421106316569,1681,171,171,converged,9.684419056438545e-5,133.13901470005933
4.0,50.0,51,0.06159985595274104,2601,210,210,converged,9.951796395023699e-5,370.9001128641881
4.0,70.0,71,0.04424778385337737,5041,296,296,converged,9.615613094202379e-5,1152.1580012736035
4.0,90.0,91,0.03452299619329443,8281,387,387,converged,9.982612696004118e-5,3273.9624079339915
4.0,110.0,111,0.028302636518826967,12321,466,466,converged,9.952698582127038e-5,6045.567095715998
4.0,140.0,141,0.02228079896162974,19881,587,587,converged,9.864850777505369e-5,12123.143102249755
4.0,170.0,171,0.018371886863098204,29241,703,703,converged,9.993857962023678e-5,29389.661863383673
4.0,200.0,201,0.015629814196964145,40401,843,843,converged,9.996388931357171e-5,51237.82896540478
4.1,10.0,11,0.28559933214452665,121,32,32,converged,9.861926501278309e-5,1.0570805862155603
4.1,20.0,21,0.14959965017094254,441,81,81,converged,9.312529894516168e-5,13.666819795589758
4.1,30.0,31,0.10134169850289655,961,119,119,converged,9.177067434115493e-5,74.79865352232179
4.1,40.0,41,0.07662421106316569,1681,174,174,converged,9.764564659521719e-5,148.86222295716348
4.1,50.0,51,0.06159985595274104,2601,211,211,converged,9.470161221407043e-5,301.2261877669719
4.1,70.0,71,0.04424778385337737,5041,300,300,converged,9.656547935612704e-5,987.6506538398914
4.1,90.0,91,0.03452299619329443,8281,377,377,converged,9.824173177376381e-5,2896.0912293495803
4.1,110.0,111,0.028302636518826967,12321,463,463,converged,9.959184418685345e-5,5288.513257721396
4.1,140.0,141,0.02228079896162974,19881,590,590,converged,9.778179661841608e-5,13184.292432950666
4.1,170.0,171,0.018371886863098204,29241,723,723,converged,9.827966067767828e-5,25317.081907331554
4.1,200.0,201,0.015629814196964145,40401,829,829,converged,9.925923583033733e-5,43518.6261272649
4.2,10.0,11,0.28559933214452665,121,28,28,converged,7.088627479798992e-5,1.181184522268335
4.2,20.0,21,0.14959965017094254,441,88,88,converged,8.597519112029524e-5,10.948448739371681
4.2,30.0,31,0.10134169850289655,961,123,123,converged,9.973564492927552e-5,56.02015726501585
4.2,40.0,41,0.07662421106316569,1681,170,170,converged,9.662389431371363e-5,153.8799315154272
4.2,50.0,51,0.06159985595274104,2601,210,210,converged,9.626519882058066e-5,243.32915671880147
4.2,70.0,71,0.04424778385337737,5041,292,292,converged,9.622296218149966e-5,1351.547065932741
4.2,90.0,91,0.03452299619329443,8281,385,385,converged,9.778273412370793e-5,2556.3040100447834
4.2,110.0,111,0.028302636518826967,12321,447,447,converged,9.940230002938298e-5,5415.076656784473
4.2,140.0,141,0.02228079896162974,19881,579,579,converged,9.99073159196172e-5,12659.26092923416
4.2,170.0,171,0.018371886863098204,29241,714,714,converged,9.836542942114365e-5,20287.233088720895
4.2,200.0,201,0.015629814196964145,40401,842,842,converged,9.888030605729689e-5,42829.606328235255
4.3,10.0,11,0.28559933214452665,121,30,30,converged,9.463156511980084e-5,1.4314461641852694
4.3,20.0,21,0.14959965017094254,441,80,80,converged,9.376176799294166e-5,14.35567754139318
4.3,30.0,31,0.10134169850289655,961,127,127,converged,9.49476184579952e-5,72.80056544450395
4.3,40.0,41,0.07662421106316569,1681,168,168,converged,9.5222959303997e-5,143.85270325553853
4.3,50.0,51,0.06159985595274104,2601,206,206,converged,9.738453518522295e-5,305.7107208466638
4.3,70.0,71,0.04424778385337737,5041,301,301,converged,9.862547589517327e-5,1244.6594205167307
4.3,90.0,91,0.03452299619329443,8281,382,382,converged,9.786199589727506e-5,2842.3980880228432
4.3,110.0,111,0.028302636518826967,12321,434,434,converged,9.794091982882544e-5,4746.091991879582
4.3,140.0,141,0.02228079896162974,19881,596,596,converged,9.933368989384329e-5,11492.708179760648
4.3,170.0,171,0.018371886863098204,29241,695,695,converged,9.879167095818801e-5,21088.930821360107
4.3,200.0,201,0.015629814196964145,40401,838,838,converged,9.987316048317461e-5,38115.297119085095
4.4,10.0,11,0.28559933214452665,121,33,33,converged,8.277687025278385e-5,1.885469045517316
4.4,20.0,21,0.14959965017094254,441,78,78,converged,8.165828335957208e-5,15.485358437131062
4.4,30.0,31,0.10134169850289655,961,122,122,converged,9.10134867081816e-5,62.85933033620462
4.4,40.0,41,0.07662421106316569,1681,159,159,converged,9.639088728944408e-5,148.83004291736992
4.4,50.0,51,0.06159985595274104,2601,210,210,converged,9.526843026395279e-5,341.4045394352712
4.4,70.0,71,0.04424778385337737,5041,281,281,converged,9.875377036278059e-5,1085.564207583871
4.4,90.0,91,0.03452299619329443,8281,379,379,converged,9.724194507814165e-5,2386.9465743002156
4.4,110.0,111,0.028302636518826967,12321,460,460,converged,9.960595290327264e-5,4959.106253555629
4.4,140.0,141,0.02228079896162974,19881,602,602,converged,9.917387554398988e-5,11732.557366850144
4.4,170.0,171,0.018371886863098204,29241,683,683,converged,9.916473551037365e-5,20193.92952496479
4.4,200.0,201,0.015629814196964145,40401,845,845,converged,9.981946795524338e-5,41704.9599682937
4.5,10.0,11,0.28559933214452665,121,41,41,converged,6.516295238538683e-5,2.0461265276524467
4.5,20.0,21,0.14959965017094254,441,85,85,converged,8.832534271438616e-5,19.55795050532774
4.5,30.0,31,0.10134169850289655,961,127,127,converged,9.777167352361243e-5,67.80584800310747
4.5,40.0,41,0.07662421106316569,1681,166,166,converged,9.938114839867966e-5,145.38302096164148
4.5,50.0,51,0.06159985595274104,2601,210,210,converged,9.764932344216192e-5,324.18308269787207
4.5,70.0,71,0.04424778385337737,5041,298,298,converged,9.909917498832161e-5,974.4320328446295
4.5,90.0,91,0.03452299619329443,8281,368,368,converged,9.714310115627146e-5,1952.7597857778073
4.5,110.0,111,0.028302636518826967,12321,464,464,converged,9.919839018724143e-5,4534.195677799375
4.5,140.0,141,0.02228079896162974,19881,560,560,converged,9.849662607536715e-5,10153.782663761018
4.5,170.0,171,0.018371886863098204,29241,721,721,converged,9.837679006454673e-5,19719.347368584688
4.5,200.0,201,0.015629814196964145,40401,832,832,converged,9.896360027782355e-5,35278.85860513844
4.6,10.0,11,0.28559933214452665,121,40,40,converged,7.307875570457935e-5,1.8682065738616271
4.6,20.0,21,0.14959965017094254,441,81,81,converged,9.700244189319015e-5,16.14312229789548
4.6,30.0,31,0.10134169850289655,961,124,124,converged,9.249462946019333e-5,56.544470764443346
4.6,40.0,41,0.07662421106316569,1681,157,157,converged,9.748455413958608e-5,191.481802366863
4.6,50.0,51,0.06159985595274104,2601,212,212,converged,9.522062160269118e-5,304.07770992655963
4.6,70.0,71,0.04424778385337737,5041,283,283,converged,9.878365995872579e-5,1060.688504759043
4.6,90.0,91,0.03452299619329443,8281,372,372,converged,9.741167372003681e-5,2220.3398647854615
4.6,110.0,111,0.028302636518826967,12321,458,458,converged,9.900958259049988e-5,4899.590895391132
4.6,140.0,141,0.02228079896162974,19881,566,566,converged,9.833048277230007e-5,9979.494146097311
4.6,170.0,171,0.018371886863098204,29241,709,709,converged,9.901394067427493e-5,22607.225596965283
4.6,200.0,201,0.015629814196964145,40401,841,841,converged,9.99748798731269e-5,37526.137844947494
4.7,10.0,11,0.28559933214452665,121,38,38,converged,9.442731576394149e-5,1.9271858527122219
4.7,20.0,21,0.14959965017094254,441,79,79,converged,8.699414833711276e-5,17.19910294888014
4.7,30.0,31,0.10134169850289655,961,128,128,converged,9.710310777689216e-5,56.4369350187805
4.7,40.0,41,0.07662421106316569,1681,162,162,converged,9.454299066920963e-5,177.73355633550295
4.7,50.0,51,0.06159985595274104,2601,204,204,converged,9.582160849296389e-5,336.7132389860019
4.7,70.0,71,0.04424778385337737,5041,290,290,converged,9.740909651361641e-5,1021.9736282637883
4.7,90.0,91,0.03452299619329443,8281,365,365,converged,9.822366062349543e-5,2088.9212970092576
4.7,110.0,111,0.028302636518826967,12321,454,454,converged,9.82472195979549e-5,4816.626830761668
4.7,140.0,141,0.02228079896162974,19881,579,579,converged,9.859067868086108e-5,10318.230269557203
4.7,170.0,171,0.018371886863098204,29241,718,718,converged,9.93565047381546e-5,23289.443947655127
4.7,200.0,201,0.015629814196964145,40401,838,838,converged,9.882713363323163e-5,39766.581578616286
4.8,10.0,11,0.28559933214452665,121,36,36,converged,8.94746250704393e-5,2.2698287217725786
4.8,20.0,21,0.14959965017094254,441,84,84,converged,9.704755616153739e-5,16.374593093878907
4.8,30.0,31,0.10134169850289655,961,124,124,converged,9.14578215589064e-5,60.560229083693336
4.8,40.0,41,0.07662421106316569,1681,164,164,converged,9.762660933661631e-5,201.30764568022212
4.8,50.0,51,0.06159985595274104,2601,208,208,converged,9.721697920282586e-5,291.73347284012846
4.8,70.0,71,0.04424778385337737,5041,292,292,converged,9.921445583264468e-5,1019.29697092342
4.8,90.0,91,0.03452299619329443,8281,377,377,converged,9.755676553059131e-5,2463.972303376123
4.8,110.0,111,0.028302636518826967,12321,447,447,converged,9.833774573909258e-5,4417.368177698173
4.8,140.0,141,0.02228079896162974,19881,590,590,converged,9.892285076093085e-5,10059.506661815649
4.8,170.0,171,0.018371886863098204,29241,714,714,converged,9.842586471426458e-5,18838.164221783165
4.8,200.0,201,0.015629814196964145,40401,848,848,converged,9.89727363426503e-5,37904.017987440566
4.9,10.0,11,0.28559933214452665,121,38,38,converged,8.771408326577595e-5,2.214780030803218
4.9,20.0,21,0.14959965017094254,441,74,74,converged,9.786511574293038e-5,12.324613220349287
4.9,30.0,31,0.10134169850289655,961,113,113,converged,9.544095630303205e-5,41.35648998446291
4.9,40.0,41,0.07662421106316569,1681,165,165,converged,9.408017193299011e-5,184.02853215702163
4.9,50.0,51,0.06159985595274104,2601,201,201,converged,9.52075727072869e-5,319.3413389696866
4.9,70.0,71,0.04424778385337737,5041,295,295,converged,9.927226952713857e-5,1044.8986393042483
4.9,90.0,91,0.03452299619329443,8281,373,373,converged,9.661369227456525e-5,2410.0450549722786
4.9,110.0,111,0.028302636518826967,12321,460,460,converged,9.847547018076672e-5,4739.022992340811
4.9,140.0,141,0.02228079896162974,19881,576,576,converged,9.888492853915001e-5,10950.441945399829
4.9,170.0,171,0.018371886863098204,29241,722,722,converged,9.887155440900538e-5,20862.118642255195
4.9,200.0,201,0.015629814196964145,40401,845,845,converged,9.947434948864494e-5,35927.22941113532
5.0,10.0,11,0.28559933214452665,121,45,45,converged,8.32740455667904e-5,2.01120013401754
5.0,20.0,21,0.14959965017094254,441,77,77,converged,9.598023580221285e-5,15.390851523814234
5.0,30.0,31,0.10134169850289655,961,114,114,converged,9.46490681661668e-5,73.64093478191366
5.0,40.0,41,0.07662421106316569,1681,150,150,converged,9.513018380910364e-5,150.01482877259275
5.0,50.0,51,0.06159985595274104,2601,202,202,converged,9.624932076137202e-5,290.7157408178424
5.0,70.0,71,0.04424778385337737,5041,285,285,converged,9.610109336167801e-5,1098.3652127049925
5.0,90.0,91,0.03452299619329443,8281,379,379,converged,9.966506845969138e-5,2642.7914828722733
5.0,110.0,111,0.028302636518826967,12321,450,450,converged,9.746963001824993e-5,5160.8538542781935
5.0,140.0,141,0.02228079896162974,19881,574,574,converged,9.997873846467759e-5,11086.465314151363
5.0,170.0,171,0.018371886863098204,29241,700,700,converged,9.831601668772358e-5,21523.956149093035
5.0,200.0,201,0.015629814196964145,40401,840,840,converged,9.961823707905679e-5,36105.42830682426
5.1,10.0,11,0.28559933214452665,121,39,39,converged,9.739905712686434e-5,2.1134985282300813
5.1,20.0,21,0.14959965017094254,441,84,84,converged,8.85854406209045e-5,18.242876210885804
5.1,30.0,31,0.10134169850289655,961,128,128,converged,9.606878469666128e-5,56.20443219143576
5.1,40.0,41,0.07662421106316569,1681,172,172,converged,9.902228994578817e-5,134.720762898152
5.1,50.0,51,0.06159985595274104,2601,204,204,converged,9.93110924761267e-5,353.510155036399
5.1,70.0,71,0.04424778385337737,5041,301,301,converged,9.909984193505846e-5,1217.5225826210212
5.1,90.0,91,0.03452299619329443,8281,377,377,converged,9.808964880492339e-5,2251.0385460491852
5.1,110.0,111,0.028302636518826967,12321,453,453,converged,9.803292883663289e-5,5091.0190109820105
5.1,140.0,141,0.02228079896162974,19881,586,586,converged,9.966114822145373e-5,12325.362449149994
5.1,170.0,171,0.018371886863098204,29241,715,715,converged,9.955780718328759e-5,21869.116193915805
5.1,200.0,201,0.015629814196964145,40401,848,848,converged,9.942819502055729e-5,39587.57697248526
5.2,10.0,11,0.28559933214452665,121,44,44,converged,8.107711491239757e-5,2.3162584619530477
5.2,20.0,21,0.14959965017094254,441,79,79,converged,9.633457329861959e-5,13.6060806288823
5.2,30.0,31,0.10134169850289655,961,127,127,converged,9.923511723021625e-5,60.65223940281283
5.2,40.0,41,0.07662421106316569,1681,165,165,converged,9.844404467024555e-5,141.40393861368165
5.2,50.0,51,0.06159985595274104,2601,214,214,converged,9.706077290676858e-5,305.68821851085266
5.2,70.0,71,0.04424778385337737,5041,301,301,converged,9.891190224522061e-5,1040.9971965995328
5.2,90.0,91,0.03452299619329443,8281,377,377,converged,9.924621558557011e-5,2296.83409919431
5.2,110.0,111,0.028302636518826967,12321,451,451,converged,9.988330646589855e-5,4609.344032602096
5.2,140.0,141,0.02228079896162974,19881,598,598,converged,9.885354860303406e-5,9184.79121264122
5.2,170.0,171,0.018371886863098204,29241,732,732,converged,9.832495198142009e-5,18119.694583953606
5.2,200.0,201,0.015629814196964145,40401,846,846,converged,9.977908555562653e-5,32546.432109387035
5.3,10.0,11,0.28559933214452665,121,43,43,converged,7.928935680144765e-5,1.8902321249357315
5.3,20.0,21,0.14959965017094254,441,87,87,converged,8.863868975131128e-5,18.35683473680901
5.3,30.0,31,0.10134169850289655,961,125,125,converged,9.094267116732797e-5,55.12371035833111
5.3,40.0,41,0.07662421106316569,1681,167,167,converged,9.362708729480808e-5,126.567778801596
5.3,50.0,51,0.06159985595274104,2601,214,214,converged,9.894458057358163e-5,270.03222113843526
5.3,70.0,71,0.04424778385337737,5041,299,299,converged,9.834395091873494e-5,906.9933800393783
5.3,90.0,91,0.03452299619329443,8281,364,364,converged,9.856539034317602e-5,1946.5502565409124
5.3,110.0,111,0.028302636518826967,12321,457,457,converged,9.964322607800353e-5,3731.6378158955054
5.3,140.0,141,0.02228079896162974,19881,595,595,converged,9.812400971150258e-5,7828.479277095674
5.3,170.0,171,0.018371886863098204,29241,706,706,converged,9.961316548583189e-5,15493.298847154812
5.3,200.0,201,0.015629814196964145,40401,859,859,converged,9.961349224833263e-5,28341.518741592616
5.4,10.0,11,0.28559933214452665,121,36,36,converged,9.687928139252699e-5,1.468583107813577
5.4,20.0,21,0.14959965017094254,441,80,80,converged,8.277202877732683e-5,17.398313954292593
5.4,30.0,31,0.10134169850289655,961,125,125,converged,9.87803707372751e-5,37.01203173311013
5.4,40.0,41,0.07662421106316569,1681,171,171,converged,9.449554208029781e-5,116.84335842199172
5.4,50.0,51,0.06159985595274104,2601,204,204,converged,9.629748916581696e-5,206.75730253157064
5.4,70.0,71,0.04424778385337737,5041,285,285,converged,9.649550089399225e-5,884.9280881473081
5.4,90.0,91,0.03452299619329443,8281,370,370,converged,9.968550275991952e-5,1612.4944121311432
5.4,110.0,111,0.028302636518826967,12321,458,458,converged,9.7462458385006e-5,3115.9648205181225
5.4,140.0,141,0.02228079896162974,19881,597,597,converged,9.893512248365224e-5,9287.238887044192
5.4,170.0,171,0.018371886863098204,29241,706,706,converged,9.954666929257102e-5,16528.283037234978
5.4,200.0,201,0.015629814196964145,40401,845,845,converged,9.971444639417606e-5,23615.831857564823
5.5,10.0,11,0.28559933214452665,121,32,32,converged,7.617996453690173e-5,1.372540115589198
5.5,20.0,21,0.14959965017094254,441,80,80,converged,9.655088557073992e-5,14.271428086469433
5.5,30.0,31,0.10134169850289655,961,131,131,converged,9.07279770472568e-5,42.66383658521877
5.5,40.0,41,0.07662421106316569,1681,173,173,converged,9.511219600677883e-5,122.3701830803061
5.5,50.0,51,0.06159985595274104,2601,210,210,converged,9.718406340442893e-5,247.44695105296026
5.5,70.0,71,0.04424778385337737,5041,297,297,converged,9.928087110448321e-5,713.3641777853509
5.5,90.0,91,0.03452299619329443,8281,380,380,converged,9.950408421385e-5,1863.002575113761
5.5,110.0,111,0.028302636518826967,12321,470,470,converged,9.99916282945224e-5,3995.4702470018115
5.5,140.0,141,0.02228079896162974,19881,584,584,converged,9.973631765680984e-5,10371.409690967936
5.5,170.0,171,0.018371886863098204,29241,698,698,converged,9.906602561275445e-5,19738.513297714406
5.5,200.0,201,0.015629814196964145,40401,826,826,converged,9.86192439858366e-5,33403.49352939592
5.6,10.0,11,0.28559933214452665,121,37,37,converged,8.983815181007234e-5,1.5743989172403907
5.6,20.0,21,0.14959965017094254,441,85,85,converged,9.309447447036278e-5,13.011297883012332
5.6,30.0,31,0.10134169850289655,961,130,130,converged,9.54057226988881e-5,41.59216484592135
5.6,40.0,41,0.07662421106316569,1681,165,165,converged,9.693141676311859e-5,118.64031576619526
5.6,50.0,51,0.06159985595274104,2601,217,217,converged,9.89306881651911e-5,243.33031539847147
5.6,70.0,71,0.04424778385337737,5041,292,292,converged,9.995030125352042e-5,685.5753677345928
5.6,90.0,91,0.03452299619329443,8281,378,378,converged,9.993864982170388e-5,1830.7229695099952
5.6,110.0,111,0.028302636518826967,12321,465,465,converged,9.988868812087268e-5,4238.491204700361
5.6,140.0,141,0.02228079896162974,19881,594,594,converged,9.819977105011343e-5,10489.44678378057
5.6,170.0,171,0.018371886863098204,29241,730,730,converged,9.989096615916605e-5,19306.09473709958
5.6,200.0,201,0.015629814196964145,40401,836,836,converged,9.904633336085619e-5,39661.72644977335
5.7,10.0,11,0.28559933214452665,121,44,44,converged,9.042091941075119e-5,1.8448168373906795
5.7,20.0,21,0.14959965017094254,441,84,84,converged,9.960477684427642e-5,14.087195872371769
5.7,30.0,31,0.10134169850289655,961,128,128,converged,9.868831795820764e-5,39.046744537026946
5.7,40.0,41,0.07662421106316569,1681,172,172,converged,9.612900118979315e-5,116.3030854749785
5.7,50.0,51,0.06159985595274104,2601,213,213,converged,9.743084259763552e-5,254.37418107021753
5.7,70.0,71,0.04424778385337737,5041,295,295,converged,9.808265461125999e-5,838.606218504883
5.7,90.0,91,0.03452299619329443,8281,390,390,converged,9.968141284624297e-5,2107.2962086692423
5.7,110.0,111,0.028302636518826967,12321,472,472,converged,9.931170146527101e-5,4196.271218166302
5.7,140.0,141,0.02228079896162974,19881,595,595,converged,9.999482045224083e-5,11555.742045391551
5.7,170.0,171,0.018371886863098204,29241,704,704,converged,9.865288582750043e-5,22615.957324347837
5.7,200.0,201,0.015629814196964145,40401,867,867,converged,9.924451670357606e-5,40453.328057323044
5.8,10.0,11,0.28559933214452665,121,42,42,converged,9.731521174703604e-5,1.5259381038313555
5.8,20.0,21,0.14959965017094254,441,80,80,converged,8.84276023413149e-5,9.08435209842098
5.8,30.0,31,0.10134169850289655,961,125,125,converged,9.988439196762457e-5,31.05686100559657
5.8,40.0,41,0.07662421106316569,1681,172,172,converged,9.832850923290562e-5,95.41113939455705
5.8,50.0,51,0.06159985595274104,2601,209,209,converged,9.520883257269135e-5,253.30705614088808
5.8,70.0,71,0.04424778385337737,5041,302,302,converged,9.604873733746832e-5,792.5777777370537
5.8,90.0,91,0.03452299619329443,8281,382,382,converged,9.97931277983199e-5,2097.8924466667404
5.8,110.0,111,0.028302636518826967,12321,461,461,converged,9.808993554047442e-5,3949.6751368976647
5.8,140.0,141,0.02228079896162974,19881,596,596,converged,9.923891807279062e-5,10351.981658082894
5.8,170.0,171,0.018371886863098204,29241,697,697,converged,9.892001555653465e-5,22000.69798451735
5.8,200.0,201,0.015629814196964145,40401,840,840,converged,9.934994054911492e-5,40356.2937749309
5.9,10.0,11,0.28559933214452665,121,44,44,converged,8.642260406565669e-5,1.401863642017976
5.9,20.0,21,0.14959965017094254,441,88,88,converged,9.397938903695237e-5,11.93814708867485
5.9,30.0,31,0.10134169850289655,961,124,124,converged,9.0976474631205e-5,40.67357111757546
5.9,40.0,41,0.07662421106316569,1681,163,163,converged,9.660531400054856e-5,120.52392936703673
5.9,50.0,51,0.06159985595274104,2601,212,212,converged,9.434048654461659e-5,210.35146236433695
5.9,70.0,71,0.04424778385337737,5041,295,295,converged,9.699642216388888e-5,710.4181691277093
5.9,90.0,91,0.03452299619329443,8281,381,381,converged,9.766995281599504e-5,1811.6303582919757
5.9,110.0,111,0.028302636518826967,12321,457,457,converged,9.92067756309835e-5,3937.9272725397814
5.9,140.0,141,0.02228079896162974,19881,584,584,converged,9.847127992819765e-5,12317.42034581549
5.9,170.0,171,0.018371886863098204,29241,711,711,converged,9.88904502821085e-5,20020.809148663433
5.9,200.0,201,0.015629814196964145,40401,864,864,converged,9.943019747581854e-5,41294.05622037112
6.0,10.0,11,0.28559933214452665,121,42,42,converged,9.98597038476406e-5,1.6086117396028474
6.0,20.0,21,0.14959965017094254,441,81,81,converged,9.455609974732579e-5,13.79422820476525
6.0,30.0,31,0.10134169850289655,961,124,124,converged,8.927543104053538e-5,39.76207457932878
6.0,40.0,41,0.07662421106316569,1681,174,174,converged,9.334596327801106e-5,131.52232266716246
6.0,50.0,51,0.06159985595274104,2601,206,206,converged,9.977930673222029e-5,256.1979515809304
6.0,70.0,71,0.04424778385337737,5041,295,295,converged,9.743589604103413e-5,869.9931051386168
6.0,90.0,91,0.03452299619329443,8281,391,391,converged,9.939011877030369e-5,1969.0505983698108
6.0,110.0,111,0.028302636518826967,12321,467,467,converged,9.880197863336614e-5,4636.73478477613
6.0,140.0,141,0.02228079896162974,19881,594,594,converged,9.971862048232933e-5,12038.531357186306
6.0,170.0,171,0.018371886863098204,29241,726,726,converged,9.851700077129158e-5,23816.697410862027
6.0,200.0,201,0.015629814196964145,40401,855,855,converged,9.97261611788737e-5,43194.10052234564
6.1,10.0,11,0.28559933214452665,121,36,36,converged,5.1929798225687294e-5,2.1620548646030815
6.1,20.0,21,0.14959965017094254,441,86,86,converged,9.197108788903541e-5,13.783728681623234
6.1,30.0,31,0.10134169850289655,961,131,131,converged,9.585232609086318e-5,52.21475491702962
6.1,40.0,41,0.07662421106316569,1681,165,165,converged,9.605899309514383e-5,112.1356915486951
6.1,50.0,51,0.06159985595274104,2601,207,207,converged,9.611145046801078e-5,313.58071836966366
6.1,70.0,71,0.04424778385337737,5041,293,293,converged,9.942662916764778e-5,910.0425595756382
6.1,90.0,91,0.03452299619329443,8281,383,383,converged,9.953952497255311e-5,2297.213892556166
6.1,110.0,111,0.028302636518826967,12321,467,467,converged,9.925604340479046e-5,4562.512932929174
6.1,140.0,141,0.02228079896162974,19881,590,590,converged,9.948765174839143e-5,10741.809447068776
6.1,170.0,171,0.018371886863098204,29241,725,725,converged,9.888695976632276e-5,21210.668140950344
6.1,200.0,201,0.015629814196964145,40401,850,850,converged,9.858546947379254e-5,38230.61610673004
6.2,10.0,11,0.28559933214452665,121,43,43,converged,9.828039240988009e-5,2.517576708627509
6.2,20.0,21,0.14959965017094254,441,87,87,converged,8.968477388459317e-5,15.749142564688482
6.2,30.0,31,0.10134169850289655,961,126,126,converged,9.177019340708838e-5,47.65688579693698
6.2,40.0,41,0.07662421106316569,1681,173,173,converged,9.82685025136583e-5,121.10255673380229
6.2,50.0,51,0.06159985595274104,2601,207,207,converged,9.477193734275789e-5,276.6210394517572
6.2,70.0,71,0.04424778385337737,5041,290,290,converged,9.865293814856335e-5,1165.585911737283
6.2,90.0,91,0.03452299619329443,8281,378,378,converged,9.839455797464e-5,2434.8031054937483
6.2,110.0,111,0.028302636518826967,12321,466,466,converged,9.826731463170967e-5,5227.992593390707
6.2,140.0,141,0.02228079896162974,19881,592,592,converged,9.790246057264227e-5,13227.352336682052
6.2,170.0,171,0.018371886863098204,29241,691,691,converged,9.915720635772904e-5,26107.440645233113
6.2,200.0,201,0.015629814196964145,40401,837,837,converged,9.878387720599741e-5,48857.46654931695
6.3,10.0,11,0.28559933214452665,121,40,40,converged,9.057001539497758e-5,2.070504175212145
6.3,20.0,21,0.14959965017094254,441,84,84,converged,9.117931431149892e-5,13.138742678673847
6.3,30.0,31,0.10134169850289655,961,128,128,converged,9.388500681660529e-5,51.255800612277284
6.3,40.0,41,0.07662421106316569,1681,172,172,converged,9.423134555605315e-5,167.89357498702196
6.3,50.0,51,0.06159985595274104,2601,210,210,converged,9.868007672207442e-5,300.03900671886174
6.3,70.0,71,0.04424778385337737,5041,291,291,converged,9.844796195407258e-5,711.179488690652
6.3,90.0,91,0.03452299619329443,8281,374,374,converged,9.732977135160163e-5,2208.105101317813
6.3,110.0,111,0.028302636518826967,12321,444,444,converged,9.751267511057141e-5,5267.194364837482
6.3,140.0,141,0.02228079896162974,19881,593,593,converged,9.882931196780978e-5,11412.47574818025
6.3,170.0,171,0.018371886863098204,29241,717,717,converged,9.877415917692842e-5,27454.15272141245
6.3,200.0,201,0.015629814196964145,40401,833,833,converged,9.942952547032766e-5,45395.057473241846
6.4,10.0,11,0.28559933214452665,121,40,40,converged,9.364295246023985e-5,1.6276207364685447
6.4,20.0,21,0.14959965017094254,441,83,83,converged,9.951533595890131e-5,13.97598322258452
6.4,30.0,31,0.10134169850289655,961,128,128,converged,9.184923914619216e-5,56.56479130364277
6.4,40.0,41,0.07662421106316569,1681,164,164,converged,9.93455473973675e-5,138.74851871357498
6.4,50.0,51,0.06159985595274104,2601,206,206,converged,9.463958445620698e-5,406.6565309005808
6.4,70.0,71,0.04424778385337737,5041,275,275,converged,9.756990606274919e-5,888.4176865317526
6.4,90.0,91,0.03452299619329443,8281,379,379,converged,9.694860348614678e-5,2426.7237074767017
6.4,110.0,111,0.028302636518826967,12321,466,466,converged,9.792853755565965e-5,4829.712383695863
6.4,140.0,141,0.02228079896162974,19881,591,591,converged,9.800423134707189e-5,10886.436680297462
6.4,170.0,171,0.018371886863098204,29241,711,711,converged,9.946327384566555e-5,21831.29457456276
6.4,200.0,201,0.015629814196964145,40401,824,824,converged,9.976788330636163e-5,39752.01886430841
6.5,10.0,11,0.28559933214452665,121,41,41,converged,8.767600021819048e-5,1.4153634041002532
6.5,20.0,21,0.14959965017094254,441,86,86,converged,9.250510622649822e-5,15.60256429333668
6.5,30.0,31,0.10134169850289655,961,129,129,converged,9.0744493152745e-5,63.920589620152455
6.5,40.0,41,0.07662421106316569,1681,165,165,converged,9.279494482028747e-5,134.07117122374058
6.5,50.0,51,0.06159985595274104,2601,210,210,converged,9.772149502133358e-5,255.51888235803486
6.5,70.0,71,0.04424778385337737,5041,301,301,converged,9.691115182661299e-5,1014.0850429153763
6.5,90.0,91,0.03452299619329443,8281,377,377,converged,9.686225573485947e-5,2465.325372493332
6.5,110.0,111,0.028302636518826967,12321,455,455,converged,9.97070182241245e-5,4696.293274088355
6.5,140.0,141,0.02228079896162974,19881,573,573,converged,9.856029958686702e-5,9654.914670793447
6.5,170.0,171,0.018371886863098204,29241,707,707,converged,9.896680713549736e-5,22955.2031692503
6.5,200.0,201,0.015629814196964145,40401,801,801,converged,9.979982951959879e-5,40189.83971145751
6.6,10.0,11,0.28559933214452665,121,42,42,converged,9.151682004586773e-5,1.4928542471170942
6.6,20.0,21,0.14959965017094254,441,87,87,converged,9.692496715962375e-5,13.368875516493683
6.6,30.0,31,0.10134169850289655,961,124,124,converged,9.757374506562124e-5,53.911260426479
6.6,40.0,41,0.07662421106316569,1681,162,162,converged,9.210128589650153e-5,136.20487071397946
6.6,50.0,51,0.06159985595274104,2601,206,206,converged,9.781815446710087e-5,356.46527242835333
6.6,70.0,71,0.04424778385337737,5041,276,276,converged,9.611521389006257e-5,942.3878831898038
6.6,90.0,91,0.03452299619329443,8281,367,367,converged,9.807951487534278e-5,2112.1731189492093
6.6,110.0,111,0.028302636518826967,12321,451,451,converged,9.916458585784587e-5,3918.5920458229225
6.6,140.0,141,0.02228079896162974,19881,580,580,converged,9.910464166588189e-5,8775.755327327142
6.6,170.0,171,0.018371886863098204,29241,693,693,converged,9.998500196641314e-5,20104.17798634824
6.6,200.0,201,0.015629814196964145,40401,824,824,converged,9.909081480100709e-5,33348.101281105264
6.7,10.0,11,0.28559933214452665,121,44,44,converged,9.943487444354195e-5,1.7408092213260788
6.7,20.0,21,0.14959965017094254,441,84,84,converged,9.949626480810831e-5,14.326054702866731
6.7,30.0,31,0.10134169850289655,961,124,124,converged,9.090076925150484e-5,58.48235181258648
6.7,40.0,41,0.07662421106316569,1681,171,171,converged,9.305543091136869e-5,150.04143771246328
6.7,50.0,51,0.06159985595274104,2601,209,209,converged,9.618693641488361e-5,337.8548478124182
6.7,70.0,71,0.04424778385337737,5041,284,284,converged,9.690863707592598e-5,963.5255339072198
6.7,90.0,91,0.03452299619329443,8281,370,370,converged,9.945849780211623e-5,2020.2488973868446
6.7,110.0,111,0.028302636518826967,12321,455,455,converged,9.865543591739655e-5,3923.2928499385785
6.7,140.0,141,0.02228079896162974,19881,564,564,converged,9.983510447045728e-5,8582.049617635035
6.7,170.0,171,0.018371886863098204,29241,680,680,converged,9.880250197766799e-5,15998.995215340077
6.7,200.0,201,0.015629814196964145,40401,825,825,converged,9.907994517698516e-5,27157.0556937353
6.8,10.0,11,0.28559933214452665,121,41,41,converged,5.27817448885748e-5,1.9949379728921468
6.8,20.0,21,0.14959965017094254,441,81,81,converged,9.668704351409804e-5,18.11692355608209
6.8,30.0,31,0.10134169850289655,961,125,125,converged,9.885651520025699e-5,48.08505677021384
6.8,40.0,41,0.07662421106316569,1681,165,165,converged,9.225558547812096e-5,144.1556466411206
6.8,50.0,51,0.06159985595274104,2601,204,204,converged,9.700477399965032e-5,314.2566853349145
6.8,70.0,71,0.04424778385337737,5041,280,280,converged,9.885264587843137e-5,782.821983919361
6.8,90.0,91,0.03452299619329443,8281,376,376,converged,9.976298556083962e-5,1543.883442740697
6.8,110.0,111,0.028302636518826967,12321,458,458,converged,9.823184308647139e-5,3610.1204437575784
6.8,140.0,141,0.02228079896162974,19881,580,580,converged,9.8386781209446e-5,9107.041687106494
6.8,170.0,171,0.018371886863098204,29241,708,708,converged,9.934460441644815e-5,15075.696174401437
6.8,200.0,201,0.015629814196964145,40401,823,823,converged,9.949763930992677e-5,24641.4647256268
6.9,10.0,11,0.28559933214452665,121,42,42,converged,9.702131590679895e-5,2.1719739944893575
6.9,20.0,21,0.14959965017094254,441,80,80,converged,9.654522733072181e-5,15.339930809311193
6.9,30.0,31,0.10134169850289655,961,122,122,converged,9.859753181296326e-5,54.07784443675599
6.9,40.0,41,0.07662421106316569,1681,160,160,converged,9.882924433121115e-5,134.538041407633
6.9,50.0,51,0.06159985595274104,2601,207,207,converged,9.427291982045759e-5,260.25036080592236
6.9,70.0,71,0.04424778385337737,5041,291,291,converged,9.862458579367764e-5,965.417670419501
6.9,90.0,91,0.03452299619329443,8281,372,372,converged,9.944716019677646e-5,1865.3761645443035
6.9,110.0,111,0.028302636518826967,12321,450,450,converged,9.996956405860046e-5,3453.172066540355
6.9,140.0,141,0.02228079896162974,19881,583,583,converged,9.959824764804766e-5,8189.6118991243775
6.9,170.0,171,0.018371886863098204,29241,695,695,converged,9.848020230696811e-5,13997.788077305997
6.9,200.0,201,0.015629814196964145,40401,830,830,converged,9.976363186805819e-5,23236.443698765735
7.0,10.0,11,0.28559933214452665,121,36,36,converged,7.383111898878098e-5,2.055119132482562
7.0,20.0,21,0.14959965017094254,441,85,85,converged,8.775856786646064e-5,14.7167907533452
7.0,30.0,31,0.10134169850289655,961,124,124,converged,9.546714391037338e-5,61.62145100425186
7.0,40.0,41,0.07662421106316569,1681,159,159,converged,9.505923118099253e-5,128.44425739649742
7.0,50.0,51,0.06159985595274104,2601,209,209,converged,9.609544192578104e-5,302.64855491708624
7.0,70.0,71,0.04424778385337737,5041,285,285,converged,9.703479999221183e-5,877.8261691888381
7.0,90.0,91,0.03452299619329443,8281,378,378,converged,9.925449134080152e-5,1794.4810507023615
7.0,110.0,111,0.028302636518826967,12321,455,455,converged,9.927876700344723e-5,3125.9984544231843
7.0,140.0,141,0.02228079896162974,19881,574,574,converged,9.897427115331197e-5,7188.147294796995
7.0,170.0,171,0.018371886863098204,29241,687,687,converged,9.877286155521303e-5,11856.457945478816
7.0,200.0,201,0.015629814196964145,40401,823,823,converged,9.962014241942989e-5,24086.81211685431
7.1,10.0,11,0.28559933214452665,121,38,38,converged,7.013358011143354e-5,2.081134732157311
7.1,20.0,21,0.14959965017094254,441,83,83,converged,9.752981993900372e-5,15.272614290613987
7.1,30.0,31,0.10134169850289655,961,126,126,converged,9.984172071722063e-5,60.203335778581305
7.1,40.0,41,0.07662421106316569,1681,149,149,converged,9.50203376371639e-5,142.26872958803082
7.1,50.0,51,0.06159985595274104,2601,210,210,converged,9.499174925259714e-5,324.4110961768117
7.1,70.0,71,0.04424778385337737,5041,276,276,converged,9.691270074936641e-5,878.6498652838072
7.1,90.0,91,0.03452299619329443,8281,372,372,converged,9.851712362892596e-5,1701.8574154271498
7.1,110.0,111,0.028302636518826967,12321,439,439,converged,9.985468612444698e-5,3207.3412085277228
7.1,140.0,141,0.02228079896162974,19881,585,585,converged,9.940391224246365e-5,7493.112515985913
7.1,170.0,171,0.018371886863098204,29241,709,709,converged,9.880194225606575e-5,14567.547622854017
7.1,200.0,201,0.015629814196964145,40401,813,813,converged,9.846300573987218e-5,22970.485369867965
7.2,10.0,11,0.28559933214452665,121,40,40,converged,9.589873655003386e-5,2.24492399474857
7.2,20.0,21,0.14959965017094254,441,82,82,converged,8.903052155116987e-5,15.149932029227264
7.2,30.0,31,0.10134169850289655,961,119,119,converged,9.555595760057062e-5,51.500167252092844
7.2,40.0,41,0.07662421106316569,1681,168,168,converged,9.980631085706849e-5,130.44867140519773
7.2,50.0,51,0.06159985595274104,2601,209,209,converged,9.538556821072619e-5,261.3246156457565
7.2,70.0,71,0.04424778385337737,5041,289,289,converged,9.630474745295326e-5,841.783596419035
7.2,90.0,91,0.03452299619329443,8281,367,367,converged,9.68613735810157e-5,1565.0977649533438
7.2,110.0,111,0.028302636518826967,12321,461,461,converged,9.753122263774246e-5,3025.060232443156
7.2,140.0,141,0.02228079896162974,19881,571,571,converged,9.952115884256123e-5,7042.1126810606675
7.2,170.0,171,0.018371886863098204,29241,698,698,converged,9.956593456718102e-5,12606.34295931837
7.2,200.0,201,0.015629814196964145,40401,822,822,converged,9.915069030971157e-5,22257.195902779757
7.3,10.0,11,0.28559933214452665,121,39,39,converged,9.432500537504443e-5,2.1401566435444765
7.3,20.0,21,0.14959965017094254,441,87,87,converged,9.988997918385091e-5,14.069295160144298
7.3,30.0,31,0.10134169850289655,961,129,129,converged,9.7398079147215e-5,49.407818598146676
7.3,40.0,41,0.07662421106316569,1681,162,162,converged,9.887536745840732e-5,137.6736186643879
7.3,50.0,51,0.06159985595274104,2601,191,191,converged,9.676171194779802e-5,236.12802377351494
7.3,70.0,71,0.04424778385337737,5041,288,288,converged,9.920077503396263e-5,705.1467366346938
7.3,90.0,91,0.03452299619329443,8281,367,367,converged,9.713721109962507e-5,1736.1709282246954
7.3,110.0,111,0.028302636518826967,12321,451,451,converged,9.91179830098797e-5,3023.2039395216625
7.3,140.0,141,0.02228079896162974,19881,568,568,converged,9.866265568859704e-5,7037.553369046547
7.3,170.0,171,0.018371886863098204,29241,698,698,converged,9.838814739722461e-5,12979.34713697619
7.3,200.0,201,0.015629814196964145,40401,802,802,converged,9.864768137352041e-5,21508.75258881676
7.4,10.0,11,0.28559933214452665,121,37,37,converged,6.565816488678241e-5,2.0748183857620006
7.4,20.0,21,0.14959965017094254,441,77,77,converged,9.488946654287655e-5,13.729016650392355
7.4,30.0,31,0.10134169850289655,961,120,120,converged,9.476910387701318e-5,60.76119868600609
7.4,40.0,41,0.07662421106316569,1681,169,169,converged,9.863469856628387e-5,122.2599757396202
7.4,50.0,51,0.06159985595274104,2601,200,200,converged,9.829707580788162e-5,253.10144214869504
7.4,70.0,71,0.04424778385337737,5041,293,293,converged,9.72665613652938e-5,738.1545257970331
7.4,90.0,91,0.03452299619329443,8281,367,367,converged,9.985202934795903e-5,1597.0055517447506
7.4,110.0,111,0.028302636518826967,12321,444,444,converged,9.93637999646322e-5,2993.3156032438596
7.4,140.0,141,0.02228079896162974,19881,579,579,converged,9.895483999858926e-5,6240.871504013744
7.4,170.0,171,0.018371886863098204,29241,700,700,converged,9.844142571031082e-5,12073.109200180506
7.4,200.0,201,0.015629814196964145,40401,825,825,converged,9.89681407742163e-5,18774.49656249285
7.5,10.0,11,0.28559933214452665,121,34,34,converged,8.859748896227294e-5,1.9872091429508196
7.5,20.0,21,0.14959965017094254,441,83,83,converged,9.018332193889696e-5,19.31884054999405
7.5,30.0,31,0.10134169850289655,961,119,119,converged,9.081049030486433e-5,47.08196611626559
7.5,40.0,41,0.07662421106316569,1681,168,168,converged,9.465480544163193e-5,112.43979227459407
7.5,50.0,51,0.06159985595274104,2601,213,213,converged,9.41832259113713e-5,268.5688851632995
7.5,70.0,71,0.04424778385337737,5041,286,286,converged,9.908576806188183e-5,761.076540743368
7.5,90.0,91,0.03452299619329443,8281,364,364,converged,9.866529145464422e-5,1511.9873766999162
7.5,110.0,111,0.028302636518826967,12321,444,444,converged,9.888299384718182e-5,3001.982593771702
7.5,140.0,141,0.02228079896162974,19881,571,571,converged,9.956907316947965e-5,6385.648763824822
7.5,170.0,171,0.018371886863098204,29241,714,714,converged,9.939886750646357e-5,12158.69569780811
7.5,200.0,201,0.015629814196964145,40401,823,823,converged,9.979465493636672e-5,18936.178225627886
7.6,10.0,11,0.28559933214452665,121,39,39,converged,9.004285188014287e-5,1.9263063206089883
7.6,20.0,21,0.14959965017094254,441,75,75,converged,8.532915835871425e-5,17.240789345042447
7.6,30.0,31,0.10134169850289655,961,122,122,converged,9.806284578171879e-5,48.35123386318251
7.6,40.0,41,0.07662421106316569,1681,161,161,converged,9.293290212096358e-5,121.78072879524166
7.6,50.0,51,0.06159985595274104,2601,199,199,converged,9.708702275115883e-5,225.87854576707906
7.6,70.0,71,0.04424778385337737,5041,292,292,converged,9.657545051911098e-5,643.7693077456926
7.6,90.0,91,0.03452299619329443,8281,356,356,converged,9.847686492049377e-5,1520.4048886464934
7.6,110.0,111,0.028302636518826967,12321,453,453,converged,9.931117292534303e-5,2717.7645077485718
7.6,140.0,141,0.02228079896162974,19881,554,554,converged,9.810431689297147e-5,6286.367904219262
7.6,170.0,171,0.018371886863098204,29241,677,677,converged,9.952110207449485e-5,10476.144816863645
7.6,200.0,201,0.015629814196964145,40401,820,820,converged,9.905469494142193e-5,19104.52973517055
7.7,10.0,11,0.28559933214452665,121,42,42,converged,9.691231199615411e-5,1.9794828196037006
7.7,20.0,21,0.14959965017094254,441,68,68,converged,8.03851188483221e-5,15.099161630628403
7.7,30.0,31,0.10134169850289655,961,118,118,converged,9.68032866643501e-5,49.54294768052839
7.7,40.0,41,0.07662421106316569,1681,166,166,converged,9.637443910321632e-5,126.37963450107007
7.7,50.0,51,0.06159985595274104,2601,202,202,converged,9.653081495772489e-5,244.59948113975616
7.7,70.0,71,0.04424778385337737,5041,281,281,converged,9.926002930106694e-5,667.2062133964216
7.7,90.0,91,0.03452299619329443,8281,376,376,converged,9.727461460673107e-5,1439.0535763166788
7.7,110.0,111,0.028302636518826967,12321,456,456,converged,9.924787148892712e-5,3046.278332199336
7.7,140.0,141,0.02228079896162974,19881,570,570,converged,9.906262400657988e-5,6056.19323675279
7.7,170.0,171,0.018371886863098204,29241,692,692,converged,9.871046890036947e-5,11958.544402700149
7.7,200.0,201,0.015629814196964145,40401,824,824,converged,9.917592058749531e-5,18316.58032988376
7.8,10.0,11,0.28559933214452665,121,41,41,converged,5.644507462074497e-5,2.0227272229499182
7.8,20.0,21,0.14959965017094254,441,82,82,converged,9.950656384889462e-5,16.476226532968074
7.8,30.0,31,0.10134169850289655,961,124,124,converged,9.899679972512516e-5,46.50479465409289
7.8,40.0,41,0.07662421106316569,1681,166,166,converged,9.977028142379117e-5,131.93301543642082
7.8,50.0,51,0.06159985595274104,2601,206,206,converged,9.768701959408696e-5,235.95677131634852
7.8,70.0,71,0.04424778385337737,5041,289,289,converged,9.612644587986365e-5,668.3362043684697
7.8,90.0,91,0.03452299619329443,8281,364,364,converged,9.75098732030135e-5,1766.8154094959937
7.8,110.0,111,0.028302636518826967,12321,457,457,converged,9.757258524366686e-5,2867.362815679863
7.8,140.0,141,0.02228079896162974,19881,587,587,converged,9.810420401931976e-5,7136.404500349609
7.8,170.0,171,0.018371886863098204,29241,688,688,converged,9.833211056993199e-5,12164.832196821768
7.8,200.0,201,0.015629814196964145,40401,807,807,converged,9.876885679512595e-5,20610.108527852928
7.9,10.0,11,0.28559933214452665,121,45,45,converged,6.714347824814209e-5,1.8380830164534805
7.9,20.0,21,0.14959965017094254,441,74,74,converged,8.382539009869958e-5,14.815638697508984
7.9,30.0,31,0.10134169850289655,961,116,116,converged,9.18556563958931e-5,47.087941500367734
7.9,40.0,41,0.07662421106316569,1681,170,170,converged,9.516444927575343e-5,144.12521517463492
7.9,50.0,51,0.06159985595274104,2601,201,201,converged,9.931167803745973e-5,248.50022323820576
7.9,70.0,71,0.04424778385337737,5041,286,286,converged,9.881745181022331e-5,583.2679581700125
7.9,90.0,91,0.03452299619329443,8281,370,370,converged,9.907705515633185e-5,1377.605271573404
7.9,110.0,111,0.028302636518826967,12321,438,438,converged,9.979777031623272e-5,3078.741797528355
7.9,140.0,141,0.02228079896162974,19881,568,568,converged,9.873530011079546e-5,5734.344011099614
7.9,170.0,171,0.018371886863098204,29241,702,702,converged,9.942711509888745e-5,10855.487902050008
7.9,200.0,201,0.015629814196964145,40401,828,828,converged,9.916193298443416e-5,18332.585160710503
8.0,10.0,11,0.28559933214452665,121,36,36,converged,8.209672771080594e-5,1.5960382430645323
8.0,20.0,21,0.14959965017094254,441,80,80,converged,8.325127843035536e-5,15.043753127801343
8.0,30.0,31,0.10134169850289655,961,125,125,converged,9.35801984814688e-5,44.71093419383022
8.0,40.0,41,0.07662421106316569,1681,164,164,converged,9.536268201080842e-5,129.7296338093048
8.0,50.0,51,0.06159985595274104,2601,201,201,converged,9.89281284860524e-5,235.39798243451608
8.0,70.0,71,0.04424778385337737,5041,280,280,converged,9.996866464664995e-5,680.6688508855759
8.0,90.0,91,0.03452299619329443,8281,366,366,converged,9.83746690220065e-5,1567.9415425982106
8.0,110.0,111,0.028302636518826967,12321,453,453,converged,9.805619581995929e-5,2974.067683712683
8.0,140.0,141,0.02228079896162974,19881,566,566,converged,9.823700787479553e-5,6190.874605062004
8.0,170.0,171,0.018371886863098204,29241,703,703,converged,9.915307739446779e-5,10316.739284467409
8.0,200.0,201,0.015629814196964145,40401,824,824,converged,9.948488215539967e-5,18121.292856790493
