k,j,d,eta,exact_norm2,exact_norm
0.05,200.0,201,0.015629814196964145,273.7435483664358,16.545197138941433
0.1,200.0,201,0.015629814196964145,274.1707369049306,16.55810185090461
0.15,200.0,201,0.015629814196964145,274.88736052223305,16.579727395896263
0.2,200.0,201,0.015629814196964145,275.90056099225694,16.610254693780494
0.25,200.0,201,0.015629814196964145,277.2207069322981,16.649946154035998
0.3,200.0,201,0.015629814196964145,278.8618006078311,16.69915568547797
0.4,200.0,201,0.015629814196964145,283.18488624369587,16.828098117247116
0.5,200.0,201,0.015629814196964145,289.0919509258729,17.002704223913113
0.6,200.0,201,0.015629814196964145,296.9922267096513,17.233462412111248
0.7,200.0,201,0.015629814196964145,307.68654567803924,17.540996142694954
0.75,200.0,201,0.015629814196964145,314.5065035833261,17.734331213308444
0.8,200.0,201,0.015629814196964145,322.6269695340188,17.96181977233985
0.9,200.0,201,0.015629814196964145,343.80804046072984,18.54206138649988
1.0,200.0,201,0.015629814196964145,381.27618520647434,19.526294712681008
1.1,200.0,201,0.015629814196964145,447.1061981583181,21.144885862976846
1.2,200.0,201,0.015629814196964145,492.4358886673774,22.19089652689538
1.25,200.0,201,0.015629814196964145,506.7309309669684,22.51068481781415
1.3,200.0,201,0.015629814196964145,515.9020527733206,22.713477337768442
1.4,200.0,201,0.015629814196964145,523.5192418421755,22.880542865984964
1.5,200.0,201,0.015629814196964145,517.3008341952409,22.74424837613327
1.6,200.0,201,0.015629814196964145,505.5394390639683,22.48420421237915
1.7,200.0,201,0.015629814196964145,518.3163753932212,22.766562660911752
1.75,200.0,201,0.015629814196964145,671.9072505999607,25.9211737890081
1.8,200.0,201,0.015629814196964145,615.3384896113438,24.80601720573748
1.9,200.0,201,0.015629814196964145,1462.9628678504596,38.248697596787
2.0,200.0,201,0.015629814196964145,857.9582218687523,29.29092388213032
2.1,200.0,201,0.015629814196964145,845.945799455646,29.085147403024212
2.2,200.0,201,0.015629814196964145,1316.0449337382847,36.27733360844323
2.25,200.0,201,0.015629814196964145,1164.0879335301086,34.11873288283298
2.3,200.0,201,0.015629814196964145,1039.545954738531,32.241990551740614
2.4,200.0,201,0.015629814196964145,3794.557679746165,61.59998116676794
2.5,200.0,201,0.015629814196964145,3641.6304985727456,60.345923628466785
2.6,200.0,201,0.015629814196964145,3729.5900057315325,61.070369294212824
2.7,200.0,201,0.015629814196964145,4467.625257109235,66.8402966563527
2.75,200.0,201,0.015629814196964145,5518.246157302834,74.28489858176313
2.8,200.0,201,0.015629814196964145,8959.32090126405,94.65368931670888
2.9,200.0,201,0.015629814196964145,14119.645107036928,118.82611290047709
3.0,200.0,201,0.015629814196964145,21715.44024438794,147.36159691177326
3.1,200.0,201,0.015629814196964145,18531.0652659904,136.12885537603847
3.2,200.0,201,0.015629814196964145,20629.54962213376,143.6299050411639
3.25,200.0,201,0.015629814196964145,22887.255105094227,151.2853433254333
3.3,200.0,201,0.015629814196964145,18135.676943232836,134.6687675121178
3.4,200.0,201,0.015629814196964145,19862.66935524908,140.93498272341427
3.5,200.0,201,0.015629814196964145,28902.386964353984,170.00702033843774
3.6,200.0,201,0.015629814196964145,32015.08394193041,178.92759413218076
3.7,200.0,201,0.015629814196964145,30865.542001926933,175.68591862163265
3.75,200.0,201,0.015629814196964145,40577.80927504544,201.43934391038272
3.8,200.0,201,0.015629814196964145,41342.87274710237,203.32946846707284
3.9,200.0,201,0.015629814196964145,49907.70289573001,223.40031982011578
4.0,200.0,201,0.015629814196964145,51239.499310972365,226.36143512306236
4.1,200.0,201,0.015629814196964145,43520.85958017961,208.6165371685083
4.2,200.0,201,0.015629814196964145,42831.42575266059,206.9575457736697
4.3,200.0,201,0.015629814196964145,38116.73428064951,195.23507441197523
4.4,200.0,201,0.015629814196964145,41706.67385849412,204.22211892567887
4.5,200.0,201,0.015629814196964145,35279.85480470626,187.82932360179083
4.6,200.0,201,0.015629814196964145,37527.7210175211,193.72072944711184
4.7,200.0,201,0.015629814196964145,39768.07284551358,199.41933919636176
4.8,200.0,201,0.015629814196964145,37905.59547736503,194.69359382723673
4.9,200.0,201,0.015629814196964145,35928.628566179956,189.54848605615388
5.0,200.0,201,0.015629814196964145,36106.71850705233,190.01767945918172
5.1,200.0,201,0.015629814196964145,39589.00164528383,198.9698510963001
5.2,200.0,201,0.015629814196964145,32547.85083092172,180.41022928570797
5.3,200.0,201,0.015629814196964145,28342.61295814844,168.35264464257293
5.4,200.0,201,0.015629814196964145,23617.010819640873,153.67827048623653
5.5,200.0,201,0.015629814196964145,33404.63118449337,182.76933874283557
5.6,200.0,201,0.015629814196964145,39663.509305500265,199.15699662703358
5.7,200.0,201,0.015629814196964145,40454.86766066377,201.13395451952852
5.8,200.0,201,0.015629814196964145,40358.16068607707,200.89340627824765
5.9,200.0,201,0.015629814196964145,41296.17068282841,203.2145926916382
6.0,200.0,201,0.015629814196964145,43195.677804928295,207.8356990628133
6.1,200.0,201,0.015629814196964145,38232.46233008068,195.53123108618908
6.2,200.0,201,0.015629814196964145,48859.46442976265,221.0417707804628
6.3,200.0,201,0.015629814196964145,45396.70025771733,213.06501415698762
6.4,200.0,201,0.015629814196964145,39753.29716216521,199.38228898817772
6.5,200.0,201,0.015629814196964145,40191.319160198145,200.4777273419622
6.6,200.0,201,0.015629814196964145,33349.23751651092,182.61773604037182
6.7,200.0,201,0.015629814196964145,27158.250250545952,164.79760389807237
6.8,200.0,201,0.015629814196964145,24642.3619691951,156.9788583510375
6.9,200.0,201,0.015629814196964145,23237.3665210823,152.43807438131162
7.0,200.0,201,0.015629814196964145,24087.90012720793,155.20277100363876
7.1,200.0,201,0.015629814196964145,22971.112364713834,151.56223924419245
7.2,200.0,201,0.015629814196964145,22257.81603028834,149.1905359943731
7.3,200.0,201,0.015629814196964145,21509.662018012612,146.66172649335823
7.4,200.0,201,0.015629814196964145,18775.084971203873,137.02220612442304
7.5,200.0,201,0.015629814196964145,18936.76969657914,137.6109359628774
7.6,200.0,201,0.015629814196964145,19105.154977681002,138.2213984073414
7.7,200.0,201,0.015629814196964145,18317.18725320439,135.34100359168463
7.8,200.0,201,0.015629814196964145,20610.835143654982,143.56474199348176
7.9,200.0,201,0.015629814196964145,18333.322823486753,135.40060126707988
8.0,200.0,201,0.015629814196964145,18122.104567518014,134.61836638259288
