k,lyapunov
0.05,0.00150402495259802
0.1,0.001598300839908528
0.15,0.0016767091776394133
0.2,0.001747632149513443
0.25,0.001778193926151697
0.3,0.001796546477516347
0.4,0.00174773110491919
0.5,0.001810916533026298
0.6,0.0017903970484081586
0.7,0.0017922553183299778
0.75,0.0017528433579846357
0.8,0.001724986590756297
0.9,0.0018463392424099587
1.0,0.0017060636143420751
1.1,0.0018212193585798015
1.2,0.0018948141951535668
1.25,0.0018536685162708912
1.3,0.0018208937769417497
1.4,0.001715933909047812
1.5,0.0017563144942932421
1.6,0.0025299559570984985
1.7,0.0072159497395934006
1.75,0.012706489543870114
1.8,0.019035929870479203
1.9,0.027320568136411705
2.0,0.03878015518402796
2.1,0.039895631895384975
2.2,0.05794938063457449
2.25,0.07127673858254954
2.3,0.06835344149106276
2.4,0.11012105227914373
2.5,0.12217325827726455
2.6,0.14690179396473144
2.7,0.15855820994607003
2.75,0.16517146949367775
2.8,0.1969277087878722
2.9,0.1931230821602481
3.0,0.2053699093155359
3.1,0.22830167716645836
3.2,0.2463739092531215
3.25,0.2720536682750289
3.3,0.28540319916201606
3.4,0.29346232503659847
3.5,0.3234640416454158
3.6,0.33093933340626885
3.7,0.38835834717821877
3.75,0.38843437173726436
3.8,0.4025993092277128
3.9,0.41585749611389405
4.0,0.40227146965246596
4.1,0.4556212818543984
4.2,0.4672775110607935
4.3,0.48148999815105253
4.4,0.5097495122360141
4.5,0.537828305899643
4.6,0.5479100994217024
4.7,0.5699176761050995
4.8,0.5886461537327015
4.9,0.603697367559452
5.0,0.6084197954668727
5.1,0.6232611416178402
5.2,0.6450496356796322
5.3,0.6439803335395934
5.4,0.6524804544387002
5.5,0.6502631360066811
5.6,0.6410569968518384
5.7,0.6522799529030726
5.8,0.666890388549942
5.9,0.6600236341024558
6.0,0.6694130017011282
6.1,0.733526149677687
6.2,0.7473844366768513
6.3,0.783279681508151
6.4,0.80014519649763
6.5,0.8151530891723584
6.6,0.8414445373870483
6.7,0.8451684417082725
6.8,0.8514762870630443
6.9,0.8575867538586719
7.0,0.870969834921424
7.1,0.8821731731880571
7.2,0.8960343833261772
7.3,0.9135964613802144
7.4,0.9267855547809174
7.5,0.9385845345712351
7.6,0.960225095635015
7.7,0.9765262538317478
7.8,0.9905260744856094
7.9,1.0012600670934682
8.0,1.0162115532466627
