k,r_mean,r_std,n_samples
0.0,0.591245599179258,0.011103863583479135,1269
0.25,0.3189643606862929,0.007997386644348004,1341
0.5,0.3605983187585946,0.008206616004699692,1341
0.75,0.3438865087205685,0.007987128440859715,1341
1.0,0.3407532489570785,0.0077020480631440225,1341
1.25,0.36390400518666405,0.008021982246751255,1341
1.5,0.34684738667127923,0.007784532213308008,1341
1.75,0.37288494564890495,0.008116080815999745,1341
2.0,0.3651392132256299,0.008101816188059885,1341
2.25,0.36783580224441714,0.00792510740377652,1341
2.4,0.3814818886347875,0.007865288938158533,1341
2.55,0.36031044614415764,0.007672651738021807,1341
2.7,0.3885080939581225,0.00780360213230822,1341
2.85,0.414549405854892,0.0076308234160897695,1341
3.0,0.45374660734981637,0.00781584765018811,1341
3.15,0.4704371612752022,0.007396359385504239,1341
3.3,0.47012778661232146,0.0072568668140849234,1341
3.45,0.4949060185634479,0.007387022410238724,1341
3.6,0.49686966519921333,0.00733676457044006,1341
3.75,0.5088524468370731,0.007015370184059249,1341
3.9,0.5063859152072869,0.006959426472031276,1341
4.25,0.5285755428044604,0.007255153906305525,1341
4.5,0.5266334583382407,0.007225452195919857,1341
4.75,0.5230308804164153,0.006981090070489005,1341
5.0,0.49305492891545416,0.007174056464710558,1341
5.25,0.5121621786597826,0.006929221713476577,1341
5.5,0.5122670764555616,0.007299839273126443,1341
5.75,0.5329392002619633,0.006964795996144,1341
6.0,0.5149012604959065,0.007257198568385818,1341
6.25,0.5101517701489846,0.006920156084451158,1341
6.5,0.5120604544350096,0.007334415290243723,1341
6.75,0.5035224350069756,0.007102171256584683,1341
7.0,0.5143183500099755,0.006999656993885732,1341
7.25,0.5188194299103795,0.00727679458451774,1341
7.5,0.5206083176385388,0.00725339159893234,1341
7.75,0.5141925078088905,0.006848009742246118,1341
8.0,0.503212520073879,0.007134943572475414,1341
8.25,0.5162240329092203,0.007089395822125147,1341
8.5,0.5366029433333458,0.0071309027342404,1341
8.75,0.5365703779172993,0.007104911549763725,1341
9.0,0.5030404727502394,0.007341791514628519,1341
9.25,0.5068990888616437,0.006910662539761672,1341
9.5,0.522327951672572,0.006981158687239308,1341
9.75,0.5143036368272168,0.007257622258909019,1341
10.0,0.5236782476658399,0.00686643428904977,1341
